source_id,publication,quota_ids,适用证件与范围,发布机构,页面名称,url,来源类型,发布日期或更新日期,本次访问日期,目前可支持的判断,不能据此确认的内容,核查状态,适用证件版本,可见页面或面,已核字段与位置,release_link_checked_at,check_status,publication_basis,withheld_non_official_url_count,release_version,evidence_type,support_scope,limitations,original_checked_at,scope,not_published_reason,repost_channel_note,internal_origin_file_count
S001,index_published,C08,上海交通大学学生证与副证,上海交通大学教务处,上海交通大学学生证、校徽管理办法,"[""https://jwc.sjtu.edu.cn/info/1482/12868.htm""]",校方管理办法,2017-09-08,2026-10-01,该校使用校园卡和学生证副证且副证与注册条配套,没有展示完整卡面和副证字段位置；不能推广到其他学校,页面已核_版式待核,沪交教〔2017〕26号（2017-09-01施行）,文字办法与办事流程；无样张,无字段位置；仅确认校园卡与副证两种载体及副证须张贴注册条方有效,2026-10-07,HTTP 206,发布主体为官方机构：上海交通大学教务处；URL 主机属官方渠道：jwc.sjtu.edu.cn；核查状态不含出处未定标记：页面已核_版式待核；原记录未载明链接无法取得正文,0,codex-20261007-v3,,,,,,,,
S002,index_published,C01,中国大陆第二代居民身份证两面,永州市公安局,第二代居民身份证是何种式样？,"[""https://gaj.yzcity.gov.cn/gaj/0500/201110/ea62c32e27584745b503130b2f05e83a.shtml""]",公安机关说明,2011-10-28,2026-10-01,文字列出国徽面与人像面的项目及卡片尺寸,不能单凭文字确定现行每个字段的精确位置和图案细节,页面已核_版式待核,第二代居民身份证；具体版次待核,文字描述国徽面与人像面,国徽面有证件名称／国徽／签发机关／有效期；人像面有照片／姓名／性别／民族／出生日期／住址／公民身份号码；仅确认分面而非各字段精确坐标,2026-10-07,HTTP 200,发布主体为官方机构：永州市公安局；URL 主机属官方渠道：gaj.yzcity.gov.cn；核查状态不含出处未定标记：页面已核_版式待核；原记录未载明链接无法取得正文,0,codex-20261007-v3,,,,,,,,
S003,index_published,C01,中国大陆公民身份号码,北京市公安局,公民身份号码的组成？,"[""https://gaj.beijing.gov.cn/hudong/rddf/202003/t20200331_1771804.html""]",公安机关规则说明,2019-03-11,2026-10-01,可供号码分段和校验规则的后续规格核对,不能证明证件版式或号码未被现实占用,页面已核_规则待细录,号码规则不涉及卡面版次,不适用,18位号码前6位为行政区划码／第7至14位为出生日期码／第15至17位为顺序码／第18位为校验码；不证明卡面位置,2026-10-07,HTTP 200,发布主体为官方机构：北京市公安局；URL 主机属官方渠道：gaj.beijing.gov.cn；核查状态不含出处未定标记：页面已核_规则待细录；原记录未载明链接无法取得正文,0,codex-20261007-v3,,,,,,,,
S004,identifier_only_pending,C01,,,,,,,,,,,,,,2026-10-07,HTTPError 404 Not Found,,,codex-20261007-v3,政府办事说明,设计底稿引用此页作为年龄与有效期规则线索,2026-10-02复核该链接返回中国政府网首页导航且未取到正文；有效期规则不得据此确认,2026-10-02,中国大陆居民身份证有效期限,原记录已载明链接未取到正文,,
S005,index_published,C13,中国大陆机动车驾驶证件,公安部标准化信息服务平台,中华人民共和国机动车驾驶证件 GA 482-2026,"[""https://ywtb.mps.gov.cn/gabzh/portal/stdDetail/320401""]",标准状态页,2026-01-09；实施2026-06-01,2026-10-01,证实标准现行并代替 GA 482-2012,页面未提供足以核对字段位置的完整样张,页面已核_版式待核,,,,2026-10-07,HTTP 200,发布主体为官方机构：公安部标准化信息服务平台；URL 主机属官方渠道：ywtb.mps.gov.cn；核查状态不含出处未定标记：页面已核_版式待核；原记录未载明链接无法取得正文,0,codex-20261007-v3,,,,,,,,
S006,index_published,E01;E08,美国加州 REAL ID 身份证明卡与驾驶证,California DMV,DL 1010 Fast Facts About Federal REAL ID,"[""https://www.dmv.ca.gov/portal/file/dl-1010-fast-facts-about-federal-real-id-pdf/""]",州机动车管理部门说明,未记录,2026-10-01,证实加州 REAL ID 驾驶证与身份证明卡类别及申请信息,申请说明不能独自确认现行卡面全部字段与版本,页面已核_版式待核,,,,2026-10-07,HTTP 206,发布主体为官方机构：California DMV；URL 主机属官方渠道：www.dmv.ca.gov；核查状态不含出处未定标记：页面已核_版式待核；原记录未载明链接无法取得正文,0,codex-20261007-v3,,,,,,,,
S007,index_published,E03,美国非移民实体签证贴纸,美国国务院,Wilberforce Rights and Protections PDF,"[""https://travel.state.gov/content/dam/visas/LegalRightsandProtections/Wilberforce/Documents/Wilberforce-ENG-100116%20%289%29.pdf""]",政府资料 PDF,未记录,,设计底稿将其列为签证字段线索,本次打开失败；尚未核对具体签证类别与完整贴纸样式,待复核,,,,2026-10-07,HTTPError 403 Forbidden,发布主体为官方机构：美国国务院；URL 主机属官方渠道：travel.state.gov；核查状态不含出处未定标记：待复核；原记录未载明链接无法取得正文,0,codex-20261007-v3,,,,,,,,
S008,index_published,E09,英国企业注册证书,Companies House,Incorporation and names,"[""https://www.gov.uk/government/publications/incorporation-and-names/incorporation-and-names""]",主管机构指引,未记录,2026-10-01,第 1.13 节列出公司名与注册号及成立日期等证书字段,文字未给出完整证书版式；还要区分英格兰及威尔士等注册地区,页面已核_版式待核,,,,2026-10-07,HTTP 206,发布主体为官方机构：Companies House；URL 主机属官方渠道：www.gov.uk；核查状态不含出处未定标记：页面已核_版式待核；原记录未载明链接无法取得正文,0,codex-20261007-v3,,,,,,,,
S009,index_published,E03,英国签证类别边界,UK Visas and Immigration,Updates on the move to eVisas,"[""https://www.gov.uk/government/publications/updates-on-the-move-to-evisas/updates-on-the-move-to-evisas""]",移民机关政策页,2026-07-01,2026-10-01,新获批申请人自 2026-07-01 起不再获发英国实体签证贴纸,此页不是美国签证样张；英国电子签证不占 E03 实体贴纸配额,页面已核_边界依据,,,,2026-10-07,HTTP 206,发布主体为官方机构：UK Visas and Immigration；URL 主机属官方渠道：www.gov.uk；核查状态不含出处未定标记：页面已核_边界依据；原记录未载明链接无法取得正文,0,codex-20261007-v3,,,,,,,,
S010,identifier_only,C08,,,,,,,,,,,,,,2026-10-07,no_public_url,,,codex-20261007-v3,个人实物照片_仅内部参考,可观察两种载体的版面结构、字段相对位置与印章暗纹分布（2026-10-02逐图复核）,单一样本不能证明跨年份与批次通用版式或证件真实性；原图含个人信息不得公开,2026-10-02,上海交通大学校园卡与学生证副证,发布机构字段含非官方或内部补证/交接标记,,
S011,index_published,C15,中国大陆公司法人A格式营业执照正本,国家市场监督管理总局,市场监管总局关于启用新版营业执照的通知,"[""https://www.samr.gov.cn/zw/zfxxgk/zc/xzgfxwj/art/2019/art_a62d7cbddcab4201a6c133b1a1b48b2c.html""]",主管机构版式通知,页面发布日期待核；落款2018-12-19,2026-10-02,2019-03-01起启用横版正副本；A格式适用公司法人；正本尺寸与印制及打印项目有明文规定,不能证明2022调整后的各字段精确位置；文中提及印制与打印标准但本次未取得其完整附件,页面已核_版式细节待核,2019年版；公司法人A格式；2022调整需另参S012,正本和副本均有文字说明；无可见样张,第一条：正本297mm×420mm；印制国徽／边框／营业执照标题／公示系统网址／登记机关公章／日期／监制单位；打印统一社会信用代码／记载事项／二维码。第三条：A格式适用公司法人。第七条：2019-03-01启用；均未核对照面相对位置,2026-10-07,HTTP 206,发布主体为官方机构：国家市场监督管理总局；URL 主机属官方渠道：www.samr.gov.cn；核查状态不含出处未定标记：页面已核_版式细节待核；原记录未载明链接无法取得正文,0,codex-20261007-v3,,,,,,,,
S012,index_published,C15,中国大陆公司法人A格式营业执照正本,国家市场监督管理总局办公厅,市场监管总局办公厅关于调整营业执照照面事项的通知,"[""https://www.samr.gov.cn/zw/zfxxgk/fdzdgknr/djzcj/art/2023/art_9c67139da37a46fc8955d42d130947b2.html""]",主管机构版式调整通知,2022-09-01（页面发布日期）；2022-07-25（成文）,2026-10-02,2022-09-01起新核发证照采用调整版式；公司等不再记载营业期限；其余仍按2019标准,附件为docx且本次网页工具无法读取；具体调整后的字段位置和完整样张未核,页面已核_附件待核,2022-09-01起调整版式；公司法人A格式,正副本调整规则文字；未见样张,第一条：公司执照不再记载营业期限；部分事项名称与位置调整；未调整部分沿用2019标准。第二条：2022-09-01起新设变更补发适用；原版可继续使用,2026-10-07,HTTP 206,发布主体为官方机构：国家市场监督管理总局办公厅；URL 主机属官方渠道：www.samr.gov.cn；核查状态不含出处未定标记：页面已核_附件待核；原记录未载明链接无法取得正文,0,codex-20261007-v3,,,,,,,,
S013,index_published,C15,中国大陆公司法人营业执照记载事项,国家市场监督管理总局,中华人民共和国市场主体登记管理条例实施细则,"[""https://www.samr.gov.cn/djzcj/zcfg/gz/art/2023/art_7e27c612a1bf4be9aa6163a8cf6a13d8.html""]",主管机构规章,2022-03-22（页面发布时间）；2022-03-01（公布施行）,2026-10-02,第二十三条列出营业执照应载事项；第六条区分公司登记事项与证照载明事项,不能从登记事项推断照面字段位置；第六条中的股东或发起人信息不能直接当成照面字段,页面已核_字段清单已核,2022年实施细则；具体A格式照面版次参S011与S012,规章正文；未见证照样张,第二十三条：名称／法定代表人姓名／类型／注册资本／住所／经营范围／登记机关／成立日期／统一社会信用代码为执照应载事项；第六条另列公司登记事项但不证明其均印在执照上,2026-10-07,HTTP 206,发布主体为官方机构：国家市场监督管理总局；URL 主机属官方渠道：www.samr.gov.cn；核查状态不含出处未定标记：页面已核_字段清单已核；原记录未载明链接无法取得正文,0,codex-20261007-v3,,,,,,,,
S014,index_published,C08,上海交通大学学生证副证补办,上海交通大学教务处,补办学生证副证,"[""https://jwc.sjtu.edu.cn/info/1039/1095.htm""]",教务处办事指南,2024-11-12,2026-10-02,副证补办须填写教务处联与学生联并提供照片；经学院与教务处盖章后临时学生证明生效；指定日期领取并缴费,不含副证卡片版式与字段位置；申请表样式不能当作副证样式,页面已核_版式待核,自2006-01-06实施的补办办法；不涉具体印制版次,文字说明；无副证样张,无字段位置；仅确认教务处联与学生联及照片与盖章环节,2026-10-07,HTTP 206,发布主体为官方机构：上海交通大学教务处；URL 主机属官方渠道：jwc.sjtu.edu.cn；核查状态不含出处未定标记：页面已核_版式待核；原记录未载明链接无法取得正文,0,codex-20261007-v3,,,,,,,,
S015,index_published,C01,中华人民共和国居民身份证法,广东省人民政府门户网站（转载法律文本）,中华人民共和国居民身份证法,"[""https://www.gd.gov.cn/zwgk/wjk/zcfgk/content/post_2520699.html""]",官方法律文本,页面未显示发布日期；法律2003-06-28通过、2011-10-29修正,2026-10-02,给出登记项目清单与有效期分档规则并明确式样由国务院公安部门制定,不证明照面字段的印刷位置与版式；页面不提供样张,页面已核_规则已核,2004-01-01施行并经2011年修正的现行法；不涉具体版次,不适用（法律条文）,第三条：姓名／性别／民族／出生日期／常住户口所在地住址／公民身份号码／本人相片／指纹信息／证件的有效期和签发机关；第五条：十六周岁至二十五周岁十年、二十六周岁至四十五周岁二十年、四十六周岁以上长期、未满十六周岁自愿申领五年；第六条：式样由国务院公安部门制定,2026-10-07,HTTP 200,发布主体为官方机构：广东省人民政府门户网站（转载法律文本）；URL 主机属官方渠道：www.gd.gov.cn；核查状态不含出处未定标记：页面已核_规则已核；原记录未载明链接无法取得正文,0,codex-20261007-v3,,,,,,,发布机构字段显示该文本由其他官方渠道转载／转述；公开的是该官方渠道页面，不据此宣称原始发布渠道已核实。,
S016,index_published,C01,第二代居民身份证式样答复,永州市人民政府门户网站,第二代居民身份证是何种式样？,"[""https://www.yzcity.gov.cn/zdfw/cjwt/201110/f3c5ef91ec2f4b45b4abeab4cc0cfd35.shtml""]",地方政府常见问题答复,2011-10-28,2026-10-02,与S002为同一答复的另一发布位置；另给出卡片尺寸85.6毫米×54毫米×1.0毫米并按正面与背面列出项目,不证明各字段的精确坐标；无样图,页面已核_文字已核,第二代居民身份证；具体版次待核,文字描述正面与背面；无样图,正面：国徽／证件名称／长城图案／签发机关／有效期／彩虹扭索花纹；背面：持证人照片／姓名／性别／民族／出生日期／住址／公民身份号码／彩色花纹；字段位置不适用,2026-10-07,HTTP 200,发布主体为官方机构：永州市人民政府门户网站；URL 主机属官方渠道：www.yzcity.gov.cn；核查状态不含出处未定标记：页面已核_文字已核；原记录未载明链接无法取得正文,0,codex-20261007-v3,,,,,,,,
S017,index_published,C15,北京市营业执照照面事项调整公告,北京市市场监督管理局,北京市市场监督管理局关于调整营业执照照面事项的公告,"[""https://scjgj.beijing.gov.cn/zwxx/gs/qtgsgg/202208/t20220826_2801334.html""]",省级登记机关公告,2022-08-26（页面时间）；成文2022-08-25,2026-10-02,证实调整事项（不再记载营业期限等项、部分类型增加出资额项、事项名称与位置调整）、纸质执照统一加载企业码、2022-09-01起颁发调整后执照,不证明调整后各字段的相对位置；无样张,页面已核_版式细节待核,2022-09-01起颁发的调整后执照（公司等类型）；未涉版次编号,正副本调整规则文字；未见样张,第一条：调整事项内容与加载企业码；第二条：企业码应用；第三条：电子执照同步调整；第四条：换照安排；均不含字段位置,2026-10-07,HTTP 206,发布主体为官方机构：北京市市场监督管理局；URL 主机属官方渠道：scjgj.beijing.gov.cn；核查状态不含出处未定标记：页面已核_版式细节待核；原记录未载明链接无法取得正文,0,codex-20261007-v3,,,,,,,,
S018,index_published,E08,美国加州驾照与身份证明卡新卡设计,California DMV,DMV to Release New California Driver's License and Identification Card Design with Advanced Security Features,"[""https://www.dmv.ca.gov/portal/news-and-media/dmv-to-release-new-california-drivers-license-and-identification-card-design-with-advanced-security-features/""]",州机动车管理部门新闻稿,2025-10-01,2026-10-02,证实2025-10-01起新签发加州驾照与身份卡启用新版设计；上一版2010启用、2018因REAL ID变更外观；新版背面两个条码之一加载数字安全签名并取消磁条；旧卡到期前继续有效,不证明背面字段与排布；样卡为示意，实际卡的字体与防伪细节需另核,页面已核_官方样卡已核（正面）,2025-10-01起新版；2010至2025为旧版,正面（官方样卡图像已读取）；背面未取得,正面自上而下、自左至右：顶部左为CALIFORNIA与USA，右为DRIVER LICENSE，右上角为加州熊星徽记；左侧为竖排SAMPLE水印、国旗、州徽，左中部为持证人照片，照片下方为签名；右上区为4d DLN、4b EXP、3 DOB；中部为1姓、2名、8地址（含城市州与邮编）、9 CLASS、9a END、12 REST；左下为4a ISS与5 DD数字串；中下为15 SEX、18 EYES、16 HGT、19 HAIR、17 WGT；右侧为竖排激光刻字与右下灰度第二照片；底色为林地图案与彩虹渐变,2026-10-07,HTTP 200,发布主体为官方机构：California DMV；URL 主机属官方渠道：www.dmv.ca.gov；核查状态不含出处未定标记：页面已核_官方样卡已核（正面）；原记录未载明链接无法取得正文,0,codex-20261007-v3,,,,,,,,
S019,index_published,E08,英国GB驾照信息册,Driver and Vehicle Licensing Agency（DVLA）,INS57P Information on driving licences,"[""https://assets.publishing.service.gov.uk/media/688c6e8f6c7eb66caea94e04/ins57p-information-on-driving-licences.pdf""]",签发机关信息册PDF,版本7/25（2025年7月）,2026-10-02；2026-10-04（回核并提取内嵌图版）,给出正面与背面示例旁标注的字段名称；给出驾照号A至E分段规则；地址须为GB地址；2026-10-04 由内嵌样卡图辨认补充：取得 full licence 正面（1178×867 像素）、provisional 正面（501×314 像素）与背面（517×326 像素）三幅样卡图，正面字段编号 1–9 自上而下排在照片右侧，照片下方另有第二图像与到期日数字；背面中部为 9／10／11／12 四栏类别表，右侧为竖排字段图例，左侧为图标区。字段相对位置据此可判。；2026-10-05 补核：印刷第 3 页“How to check your driver number”给出 A 至 E 分段规则——A＝姓氏前 5 个字母（不足补 9）、B＝6 位出生日期编码（年第 1 与第 6 位、月第 2 与第 3 位（女性十位加 5）、日第 4 与第 5 位）、C＝名字前 2 个首字母（只有 1 个时补 9）、D＝计算机校验字符（随机生成，算法未公开）、E＝签发序号（不属于驾照号）。两处样例可交叉验证：MORGA 657054 SM 9IJ 解码 1964-07-05；样卡 MORGA753116SM9IJ 解码 1976-03-11 且与卡面出生日期一致,不证明各字段在卡面的精确坐标；不含北爱尔兰版本；字号、字体与防伪要素的细节仍待核,PDF已核_字段名已核_官方样图已辨认（2026-10-04 补）,GB（英格兰、苏格兰、威尔士）photocard；DVLA2025年7月信息册所载版本,正面与背面；以图注标注字段名,正面：Date of birth／Name／Place of birth／Date the licence runs out／Issuing authority／Driver number／Holder's permanent address／Categories of vehicles／黑白照片；背面：Provisional或Full／准驾类别表／valid from／valid to／信息或限制代码／代码溢出区／Unique card identifier；2026-10-04 补充：正面字段自上而下编号 1–9 位于照片右侧；背面中部为类别表、右侧为竖排图例、左侧为图标区（据内嵌样卡图辨认）；2026-10-04 补充：背面下缘右侧的字母数字串由官方图例直接标注为 Unique card identifier（样例值 ZG90003580／ZFX0007789）；正面照片为黑白，图例标注 Black and white photo；2026-10-05 补：驾照号 16 字符的 A–E 分段构成已核（见“目前可支持的判断”），字段 5 的样例值 MORGA753116SM9IJ 已在印刷第 6 页样卡确认,2026-10-07,HTTP 206,发布主体为官方机构：Driver and Vehicle Licensing Agency（DVLA）；URL 主机属官方渠道：assets.publishing.service.gov.uk；核查状态不含出处未定标记：PDF已核_字段名已核_官方样图已辨认（2026-10-04 补）；原记录未载明链接无法取得正文,0,codex-20261007-v3,,,,,,,,
S020,index_published,E08,英国北爱尔兰驾照说明,北爱尔兰政府 nidirect,The photocard driving licence explained,"[""https://www.nidirect.gov.uk/articles/photocard-driving-licence-explained""]",地区政府官网说明,页面未显示发布日期,2026-10-02,证实北爱驾照由DVA签发且仍为photocard加纸质counterpart两件式；给出1至13号字段分区,不适用于GB驾照；两地字段编号体系不能混用,页面已核_字段分区已核,北爱尔兰photocard（DVA签发）；GB在2015-06-08的格式变更不影响北爱,正面与背面（文字分区编号）,正面：1至3为姓与名与出生日期及地点／4a签发日期／4b到期日／4c签发机关／5八位驾照号／6黑白照片／7签名／8北爱地址／9准驾类别；背面：9象形图／10 valid from／11 valid to／12信息代码或限制／13未使用,2026-10-07,URLError [SSL: UNEXPECTED_EOF_WHILE_READING] EOF occurred in violation of protocol (_ssl.c:1010),发布主体为官方机构：北爱尔兰政府 nidirect；URL 主机属官方渠道：www.nidirect.gov.uk；核查状态不含出处未定标记：页面已核_字段分区已核；原记录未载明链接无法取得正文,0,codex-20261007-v3,,,,,,,,
S021,index_published,E09,英国成立证书说明,Companies House（官方博客）,Certificates and certified document copies from Companies House,"[""https://companieshouse.blog.gov.uk/2021/10/27/certificates-and-certified-document-copies-from-companies-house/""]",主管机构官方博客,2021-10-27,2026-10-02,证实成立证书含公司全名、注册号、成立日期与注册官印章；certified certificate可另加注册地址与董事与公司秘书与名称变更及良好存续声明,不证明证书版面样式；未提供样张,页面已核_版式待核,2021年说明；注册地区未在页内固定,文字说明；未见样张,字段清单见目前可支持的判断；不含位置,2026-10-07,HTTP 200,发布主体为官方机构：Companies House（官方博客）；URL 主机属官方渠道：companieshouse.blog.gov.uk；核查状态不含出处未定标记：页面已核_版式待核；原记录未载明链接无法取得正文,0,codex-20261007-v3,,,,,,,,
S022,index_published,E09,英国成立证书订购指引,Companies House（GOV.UK）,Order certified documents and certificates from Companies House,"[""https://www.gov.uk/guidance/order-certified-copies-and-certificates-from-companies-house""]",主管机构官方指引,页面未显示发布日期,2026-10-02,列出可附加的认证事项（董事姓名与出生日期或国籍、公司秘书、注册办公地址、公司目标、summary statement）并列出不可含项与费用,不证明证书版面与字段顺序,页面已核_版式待核,现行服务说明；不涉版次,不适用（服务说明）,可附加事项与不可含事项清单；不含位置,2026-10-07,HTTP 206,发布主体为官方机构：Companies House（GOV.UK）；URL 主机属官方渠道：www.gov.uk；核查状态不含出处未定标记：页面已核_版式待核；原记录未载明链接无法取得正文,0,codex-20261007-v3,,,,,,,,
S023,index_published,E09,获准注册公司成立证书条文,legislation.gov.uk,The Companies (Companies Authorised to Register) Regulations 2009 regulation 12,"[""https://www.legislation.gov.uk/uksi/2009/2437/regulation/12/made""]",法定条文,2009年制定（as made）,2026-10-02,规定该类注册的成立证书必须载明名称与注册号、成立日期、有限或无限及by shares或by guarantee、私营或公众、注册办公地所在地区；须由注册官签署或盖章,不证明证书版面；仅覆盖获准注册的公司这一类（通用条款见S024）,页面已核_法定必载已核,2009年法规原文,不适用（条文）,12(2)(a)至(e)为必载事项；12(3)为签署或官方印章,2026-10-07,HTTP 200,发布主体为官方机构：legislation.gov.uk；URL 主机属官方渠道：www.legislation.gov.uk；核查状态不含出处未定标记：页面已核_法定必载已核；原记录未载明链接无法取得正文,0,codex-20261007-v3,,,,,,,,
S024,index_published,E09,成立证书签发条文,legislation.gov.uk,Companies Act 2006 section 15,"[""https://www.legislation.gov.uk/ukpga/2006/46/section/15""]",法定条文,现行修订版（页面注明已含2026-10-01前变更）,2026-10-02,规定成立证书必须载明名称与注册号、成立日期、有限或无限及by shares或by guarantee、私营或公众、注册办公地所在地区；须由注册官签署或盖章；为注册完成的决定性证据,不证明证书版面与字段位置,页面已核_法定必载已核,2006年法现行修订版,不适用（条文）,15(2)(a)至(e)为必载事项；15(3)为签署或官方印章,2026-10-07,HTTP 200,发布主体为官方机构：legislation.gov.uk；URL 主机属官方渠道：www.legislation.gov.uk；核查状态不含出处未定标记：页面已核_法定必载已核；原记录未载明链接无法取得正文,0,codex-20261007-v3,,,,,,,,
S025,identifier_only,C01,,,,,,,,,,,,,,2026-10-07,no_public_url,,,codex-20261007-v3,个人实物照片_仅内部参考,可观察两面字段的排列顺序、分组与版面要素（国徽位置、长城图案、扭索网纹）,单一样本不能证明版次与跨地区差异或证件真实性；原图含个人信息不得公开；卡面正向未复原；不含防伪工艺细节,2026-10-02,中国大陆居民身份证两面,发布机构字段含非官方或内部补证/交接标记,,
S026,index_published,E08,英国GB驾照样图,Driver and Vehicle Licensing Agency（DVLA）通过 GOV.UK 发布,New style photocard driving licence,"[""https://www.gov.uk/government/news/new-style-photocard-driving-licence""]",签发机构新闻稿（含样图）,2014-02-13,2026-10-02,官方样图显示provisional与full两张卡的字段编号与相对位置（照片在一侧、编号字段在另一侧），且标示4c为DVLA,样图为2014年2月版式且含EU旗帜；图像仅300×195px，未达逐字辨认精度；未含背面,页面已核_样图已核（2014版式）,2014年2月启用的版式；现行版式见S027,正面（provisional与full两卡并排）；背面未含,卡片一侧为持证人照片；另一侧自上而下依次为1姓／2名／3出生日期与出生国／4a与4b／4c签发机关／5驾照号／7签名／8地址（折行）／9准驾类别；provisional卡另标PROVISIONAL与红色L标志,2026-10-07,HTTP 206,发布主体为官方机构：Driver and Vehicle Licensing Agency（DVLA）通过 GOV.UK 发布；URL 主机属官方渠道：www.gov.uk；核查状态不含出处未定标记：页面已核_样图已核（2014版式）；原记录未载明链接无法取得正文,0,codex-20261007-v3,,,,,,,,
S027,index_published,E08,英国GB驾照脱欧后版式变更,GOV.UK（政府新闻稿）,New-style driving licences and number plates mark one-year anniversary of Brexit as EU flag is removed,"[""https://www.gov.uk/government/news/new-style-driving-licences-and-number-plates-mark-one-year-anniversary-of-brexit-as-eu-flag-is-removed""]",政府新闻稿,页面未显示发布日期（正文述及脱欧一周年）,2026-10-02,证实自2021-01-01起首批签发的英国驾照移除EU旗帜；旧版继续有效并随换发逐步替换,不给出卡面字段或版面细节；未含可读样图,页面已核_版式变更已核,2021-01-01起签发的版式；旧版继续有效,不适用（新闻稿）,无字段位置,2026-10-07,HTTP 206,发布主体为官方机构：GOV.UK（政府新闻稿）；URL 主机属官方渠道：www.gov.uk；核查状态不含出处未定标记：页面已核_版式变更已核；原记录未载明链接无法取得正文,0,codex-20261007-v3,,,,,,,,
S028,index_published,E08,美国加州驾照与身份卡背面规则,California DMV,OLIN 2025-09 Driver's License and Identification Card Redesign,"[""https://www.dmv.ca.gov/portal/file/25olin09-pdf/""]",州机动车管理部门行业通告,2025-09-30（通告签发日）,2026-10-02,证实2025-09-30起签发的新设计卡背面不再有磁条而保留条码；21岁以下驾照保持竖版；正面标注 Federal Limits Apply 的卡在背面另加说明该卡不构成购枪资格；销售人员卡（Salesperson cards）维持现行设计,不提供背面字段的确切位置与版式图像；未说明条码类型与数量细节；起始日与新闻稿口径差一天（新闻稿2025-10-01发布并称当日起）,页面已核_背面规则已核,2025-09-30起签发的新版；现行版式；新闻稿记为2025-10-01,不适用（通告文本；未含背面图像）,背面规则：取消磁条、保留条码；FNC（Federally Noncompliant）卡背面增加购枪资格说明；未含字段位置,2026-10-07,HTTP 206,发布主体为官方机构：California DMV；URL 主机属官方渠道：www.dmv.ca.gov；核查状态不含出处未定标记：页面已核_背面规则已核；原记录未载明链接无法取得正文,0,codex-20261007-v3,,,,,,,,
S029,index_published,E08,英国GB驾照2021版（PRADO条目）,欧盟理事会 PRADO 公开证件库,PRADO 条目 GBR-FO-11002（页面导出件由用户提供）,"[""https://www.consilium.europa.eu/prado/en/GBR-FO-11002/index.html""]",官方证件样张库条目（页面导出件）,条目页脚显示文档生成于2023-09-18 15:15:48 CEST；条目更新日未显示,2026-10-02,证实文件版本号11002、首次签发2021-12-09、卡片86×54毫米、有效期10年；载明Monolingual English version（无EU旗帜、有国旗、背景文字仅英文）；正面安全特征含紫外特征、OVD可变激光图像（CLI／MLI）、部分触感生物数据、黑白面部图像与二次（幽灵）图像，且可变激光图像位于照片下方；背面含紫外特征、OVD压印与OVI光学可变油墨,未含字段编号与位置图；页面直连受机器人检测限制，本行依据为用户提供的页面导出件；快照为 2023-09-18，其后更新未反映。2026-10-04 返修复核：重新下载并渲染 DVLA INS57P（7/25）印刷第 6 页，图中持证人照片为黑白、图例明确标注 Black and white photo，与本行“黑白面部图像”一致，原先所记的口径冲突不成立，已撤回。,页面导出件已核_字段位置未核,文件版本号11002；首次签发2021-12-09（DD/MM/YYYY）；GB驾照；卡片86×54毫米,正面（Recto）与背面（Verso）的特征说明；未含样图与字段位置,无字段位置；仅确认可变激光图像位于照片下方及正反面安全特征分布,2026-10-07,HTTPError 403 Forbidden,发布主体为官方机构：欧盟理事会 PRADO 公开证件库；URL 主机属官方渠道：www.consilium.europa.eu；核查状态不含出处未定标记：页面导出件已核_字段位置未核；原记录未载明链接无法取得正文,0,codex-20261007-v3,,,,,,,,
S030,index_published,C02,中国大陆居民户口簿与常住人口登记表,公安部（重庆市公安局网站转载公安部政策文件）,公安部关于启用新的常住人口登记表和居民户口簿有关事项的通知（公通字〔1995〕91号）,"[""https://gaj.cq.gov.cn/zwgk/jczwgk/zcwj_224735/gabzcwj/202111/t20211112_9968663.html""]",主管机构规范性文件,成文1995-12-19；1996-07-01启用（页面2021-11-12转载）,2026-10-02,居民户口簿共设28个登记项；家庭户采用多页装订式（少数地区可用插页式）；集体户采用活页式；式样标准由公安部制定；居民户口簿由公安部委托省级公安厅局印制；本版换发应于2000年底前完成,不给出版面图像与字段相对位置；28个登记项未区分户主页与个人页；不能证明1996年之后是否有局部改动,页面已核_版式待核,1996-07-01启用版；后续修订待核,不适用（文字通知；无样图）,28项名称：户别／户主姓名／户号／住址／地址变动登记／姓名／户主或与户主关系／曾用名／性别／出生地／民族／籍贯／出生日期／本市（县）其他住址／宗教信仰／公民身份证件编号／身高／血型／文化程度／婚姻状况／兵役状况／服务处所／职业／何时由何地迁来本市（县）／何时由何地迁来本址／承办人签章／登记日期／登记事项变更和更正记载；均无位置信息,2026-10-07,HTTP 200,发布主体为官方机构：公安部（重庆市公安局网站转载公安部政策文件）；URL 主机属官方渠道：gaj.cq.gov.cn；核查状态不含出处未定标记：页面已核_版式待核；原记录未载明链接无法取得正文,0,codex-20261007-v3,,,,,,,发布机构字段显示该文本由其他官方渠道转载／转述；公开的是该官方渠道页面，不据此宣称原始发布渠道已核实。,
S031,index_published,C03,中国大陆结婚证与离婚证,民政部（国务院公报2025年第21号转载）,民政部关于印发《婚姻登记工作规范》的通知（民发〔2025〕23号）,"[""https://www.gov.cn/gongbao/2025/issue_12186/202507/content_7034089.html""]",主管机构规范性文件,2025-04-29印发；2025-05-10施行,2026-10-02,结婚证应载项目＝结婚证字号／姓名／性别／出生日期／身份证件号／国籍／登记日期／婚姻登记员亲笔签名／当事人合影照片／登记机关业务专用印章／备注；字号填写式样为J加六位行政区划代码加年号加六位序号（离婚证开头为L、补发结婚证为BJ、补发离婚证为BL）；照片与证件骑缝处加盖钢印,不给版式图、字段相对位置与字号；第三十八条所述35毫米圆形印章是婚姻登记业务专用章规则，不等于照面上的位置,页面已核_版式待核,2025-05-10起施行的规范；证芯印制版次未定,结婚证内页（文字规定；无样图）,见“目前可支持的判断”；位置待核,2026-10-07,HTTP 200,发布主体为官方机构：民政部（国务院公报2025年第21号转载）；URL 主机属官方渠道：www.gov.cn；核查状态不含出处未定标记：页面已核_版式待核；原记录未载明链接无法取得正文,0,codex-20261007-v3,,,,,,,发布机构字段显示该文本由其他官方渠道转载／转述；公开的是该官方渠道页面，不据此宣称原始发布渠道已核实。,
S032,identifier_only,C03,,,,,,,,,,,,,,2026-10-07,no_public_url,,,codex-20261007-v3,第三方转载资料,仅作线索：封皮成品188毫米×128毫米、枣红色充皮纸、烫印“中华人民共和国”与“结婚证”及国徽；证芯内芯195毫米×135毫米、以牡丹为主要元素；内页一有“结（离）婚申请，符合《中华人民共和国婚姻法》规定，予以登记，发给此证”；封二有“中华人民共和国民政部监制”；新增十位证件号码（可能与S031所述“结婚证印制号”对应）,属第三方转载且内页文字援引已被民法典取代的婚姻法，不能确认其为现行版式；不给字段位置；2026-10-04 裁决（C①）：本行只作版本沿革保留，不升级核查状态、不作现行结婚证版式依据（其内页文字所引《婚姻法》已由民法典取代，且与 2004 年官方转述口径不属同一版次）,2026-10-02,中国大陆婚姻登记证封皮与证芯,URL 主机不属发布机构自有官方域（第三方平台/媒体/商业索引站）；发布机构字段含非官方或内部补证/交接标记；核查状态含出处未定标记 第三方线索/待官方源核实（第三方线索_待官方源核实）：不按官方来源公开详情；其中 1 个第三方主机链接不公开,,
S033,index_published,C04,中华人民共和国电子普通护照,国家移民管理局,电子普通护照样式,"[""https://www.nia.gov.cn/n741445/n741629/c763438/content.html""]",主管机构证件式样页（含样图）,页面发布2018-09-29,2026-10-02,主管机构公开电子普通护照式样；2026-10-02下载样图并逐字辨认，样图含护照扉页题词与资料页,样图为样本数据，不代表真实持照人；页面发布已逾七年，未核该版式是否仍为现行版次；未含护照内页（签证页）图案；未含护照内页（签证页）图案——内页结构与图案主题见 S103（2026-10-04 补注，原冲突编号 B③）,官方式样页已核_样图已辨认,电子普通护照；页面发布2018-09-29,护照扉页（题词）与资料页,资料页字段：类型／Type写P；国家码／Country Code写CHN并与护照号码／Passport No.同排；姓名／Name为中文姓名加拼音大写；性别／Sex与国籍／Nationality同排；出生日期／Date of birth；出生地点／Place of birth与签发日期／Date of issue同排；签发地点／Place of issue与有效期至／Date of expiry同排；签发机关／Authority写中华人民共和国国家移民管理局（National Immigration Administration PRC）；右侧另有第二张持照人照片（幽灵图）；底部两行机读码。扉页有外交部请各国军政机关对持照人予以通行便利的题词,2026-10-07,HTTP 200,发布主体为官方机构：国家移民管理局；URL 主机属官方渠道：www.nia.gov.cn；核查状态不含出处未定标记：官方式样页已核_样图已辨认；原记录未载明链接无法取得正文,0,codex-20261007-v3,,,,,,,,
S034,index_published,C05;C06,出入境证件（往来港澳通行证、前往港澳通行证、往来台湾通行证、各类签证与签注等）,国家移民管理局,出入境证件宣介（目录页）,"[""https://www.nia.gov.cn/n741445/n741629/index.html""]",主管机构证件式样目录页,目录条目多为2018-09-29发布；另有2019-08-15与2024-09-02条目,2026-10-02,主管机构公布下列式样页：电子普通护照、97-2版护照、前往港澳通行证、往来台湾通行证、往来港澳通行证、台湾居民定居证、港澳居民来往内地通行证、台湾居民来往大陆通行证、本式与一次有效出入境通行证、一次有效往来台湾通行证、贴纸式签注、边境旅游专用出入境通行证、团体签证、普通签证、外国人出入境证与旅行证、港澳居民来往内地通行证（非中国籍）,目录页本身不含字段与版式；各样图尚未取,官方目录已核_各样图未取,各条目以页面日期为线索；版次需逐页核,目录（无样图）,无,2026-10-07,HTTP 200,发布主体为官方机构：国家移民管理局；URL 主机属官方渠道：www.nia.gov.cn；核查状态不含出处未定标记：官方目录已核_各样图未取；原记录未载明链接无法取得正文,0,codex-20261007-v3,,,,,,,,
S035,index_published,C07,中华人民共和国社会保障卡（含第三代）,四川省人力资源和社会保障厅,社会保障卡的卡面包括哪些要素？,"[""https://rst.sc.gov.cn/rst/wtjd/2020/11/23/8198cc401f1c44f9be45e4d1af82c9b4.shtml""]",人社部门政策问答,页面2020-11-23,2026-10-02,正面包括国徽、卡名“中华人民共和国社会保障卡”与隐蔽磁条；第二代背面包括发卡机构标识、银联标识、持卡人个人信息、持卡人相片、芯片、人力资源社会保障部门印章、银行卡卡号、服务电话；第三代背面进一步增加非接触读卡标识与防伪折光水印,不给字段排布与相对位置；无样图；省级窗口答复是否等同全国统一式样须再核,页面已核_版式待核,第二代作对照；目标为第三代（具金融功能）,正面与背面（文字说明；无样图）,见“目前可支持的判断”；位置待核,2026-10-07,HTTP 200,发布主体为官方机构：四川省人力资源和社会保障厅；URL 主机属官方渠道：rst.sc.gov.cn；核查状态不含出处未定标记：页面已核_版式待核；原记录未载明链接无法取得正文,0,codex-20261007-v3,,,,,,,,
S036,index_published,C09,中国大陆高校录取通知书,教育部办公厅与国家邮政局办公室,关于进一步做好2020年高校录取通知书寄递工作的通知（教学厅函〔2020〕23号）,"[""https://www.gov.cn/zhengce/zhengceku/2020-08/03/content_5532137.htm""]",主管部门通知,2020-07-21,2026-10-02,录取通知书是“考生录取和新生报到入学的重要凭证”；须由校长签发并加盖学校公章；须按省级招办核准备案的录取新生名册发放；须使用邮政特快专递等给据邮件寄递,不含任何版式、字段或尺寸规定；不能推出各校通知书会出现哪些字段,页面已核_版式待核,2020年通知；后续年份未逐年核,不适用（无样图）,无字段；已核两条规则（校长签发、加盖学校公章）,2026-10-07,HTTP 200,发布主体为官方机构：教育部办公厅与国家邮政局办公室；URL 主机属官方渠道：www.gov.cn；核查状态不含出处未定标记：页面已核_版式待核；原记录未载明链接无法取得正文,0,codex-20261007-v3,,,,,,,,
S037,index_published,C10,中国大陆普通与成人高等教育毕（结）业证书,教育部,关于当前加强高等学校学历证书规范管理的通知（教学〔2002〕15号）,"[""http://www.moe.gov.cn/s78/A15/s7063/201006/t20100610_89022.html""]",主管部门规范性文件,2002-09-25；自2003年入学新生起统一规范,2026-10-02,普通与成人高等教育毕（结）业证书应具有：姓名／性别／出生日期／学习起止年月；专业／层次（博士、硕士、本科、专科或高职、第二学士学位）／毕（结）业；学习形式；本人近期免冠正面二寸彩色照片并骑缝加盖学校钢印；学校或培养机构名称及印章、校（院）长签名；发证日期及证书编号；高等教育自学考试与学历文凭考试毕业证书内容另列（含身份证号码、省级自考委印章等）,不给版式、尺寸与字段位置；不能证明现行各校证书外观；2002年通知现行有效性未逐年核,页面已核_版式待核,2003年起统一规范的内容要求；现行有效性待核,不适用（无样图）,见“目前可支持的判断”；位置待核,2026-10-07,HTTP 200,发布主体为官方机构：教育部；URL 主机属官方渠道：www.moe.gov.cn；核查状态不含出处未定标记：页面已核_版式待核；原记录未载明链接无法取得正文,0,codex-20261007-v3,,,,,,,,
S038,index_published,C10,中国大陆学位证书（博士、硕士、学士）,国务院学位委员会与教育部（国务院公报2015年第31号）,学位证书和学位授予信息管理办法（学位〔2015〕18号）,"[""https://www.gov.cn/gongbao/content/2015/content_2961722.htm""]",主管部门规范性文件,2015-06-26印发；2016-01-01起施行,2026-10-02,自2016-01-01起学位证书由各学位授予单位自主设计、印制；应包括姓名／性别／出生日期（与身份证件信息一致）／近期免冠正面彩色照片（骑缝加盖钢印）／学科与专业名称／所授学位的学科门类或专业学位类别／学位授予单位名称与校（院、所）长签名／16位证书编号／发证日期；编号规则为前五位单位代码、第六位级别（博士2、硕士3、学士4）、第七至十位授予年份、后六位单位自编；不得使用国徽图案；外文副本由单位决定,不给版式与字段位置；不能推出各校实际排版,页面已核_版式待核,2016-01-01起,不适用（无样图）,见“目前可支持的判断”；位置待核,2026-10-07,HTTP 200,发布主体为官方机构：国务院学位委员会与教育部（国务院公报2015年第31号）；URL 主机属官方渠道：www.gov.cn；核查状态不含出处未定标记：页面已核_版式待核；原记录未载明链接无法取得正文,0,codex-20261007-v3,,,,,,,,
S039,identifier_only_pending,C10,,,,,,,,,,,,,,2026-10-07,HTTP 200,,,codex-20261007-v3,主管部门历史式样表,以表格列出1994至1999年各版毕业证书的使用年限、颜色、尺寸与防伪措施；并说明2000年以后开始试点电子注册、毕业证书将逐步由高等学校自行印制；另列1998年起三级学位证书的封面颜色、内芯格式与12位编号规则,表中最早版本为1994年、最晚为1999年，不代表现行证书；不能用于现行版式,2026-10-02,中国大陆毕业证书与学位证书的历史版本,核查状态含出处未定标记 已失效（已失效（作版本沿革））：不按官方来源公开详情,,
S040,index_published,C12,普通话水平测试等级证书,国家语言文字工作委员会（教育部网站）,国家语委关于印发《普通话水平测试等级证书管理办法》的通知（国语函〔2022〕2号）,"[""https://www.moe.gov.cn/srcsite/A18/s3133/202203/t20220309_605681.html""]",主管部门规范性文件,2022-02-21印发；2022-01-01起使用新版,2026-10-02,等级证书分纸质与电子、二者同等效力；由国务院语言文字工作部门统一印制；由封套和内页组成，封套左右折叠后186毫米（横）×265毫米（纵）、250克特种纸、封面中间烫印国徽，内页176毫米（纵）×251毫米（横）、单页、120克专用防伪纸；主要内容＝个人照片／姓名／性别／身份证号／测试时间／成绩／等级／测试机构／证书编号／成绩认定单位／发证单位和日期；编号15位（第1至2位省级行政区划代码、第3至6位测试年份、第7至9位测试站点编码、第10至15位流水号）,不给内页版式、字段排布与字体；无样图,页面已核_版式待核,2022-01-01起新版,封套与内页（文字规格；无样图）,见“目前可支持的判断”；位置待核,2026-10-07,HTTP 200,发布主体为官方机构：国家语言文字工作委员会（教育部网站）；URL 主机属官方渠道：www.moe.gov.cn；核查状态不含出处未定标记：页面已核_版式待核；原记录未载明链接无法取得正文,0,codex-20261007-v3,,,,,,,,
S041,index_published,C13,中华人民共和国机动车驾驶证,公安部（国务院公报2022年第8号）,机动车驾驶证申领和使用规定（公安部令第162号）,"[""https://www.gov.cn/gongbao/content/2022/content_5679696.htm""]",部门规章,2021-12-17公布；2022-04-01施行,2026-10-02,第十二条列驾驶证记载与签注内容＝机动车驾驶人信息（姓名／性别／出生日期／国籍／住址／身份证明号码即机动车驾驶证号码／照片）与车辆管理所签注内容（初次领证日期／准驾车型代号／有效期限／核发机关印章／档案编号／准予驾驶机动车听力辅助条件）；第十三条有效期分为六年、十年与长期；第一百零七条式样由公安部统一制定并监制、按公共安全行业标准《中华人民共和国机动车驾驶证件》制作。（2026-10-04 补注，原冲突编号 B①：本规定的现行文本为公安部令第 172 号修改后重新公布，2024-12-21 公布、2025-01-01 施行，见 S104；第十二条记载项目与第十三条有效期档与 162 号令一致，第十四条年龄条件与第六十五条已修订）,不给字段位置与主页副页的区分；GA 482-2026全文未公开,页面已核_版式待核,2022-04-01施行；制作标准为GA 482-2026（2026-06-01实施）,主页与副页（文字规定未分面）,见“目前可支持的判断”；位置待核,2026-10-07,HTTP 200,发布主体为官方机构：公安部（国务院公报2022年第8号）；URL 主机属官方渠道：www.gov.cn；核查状态不含出处未定标记：页面已核_版式待核；原记录未载明链接无法取得正文,0,codex-20261007-v3,,,,,,,,
S042,index_published,C14,机动车登记证书,公安部（国务院公报2022年第9号）,机动车登记规定（公安部令第164号）,"[""https://www.gov.cn/gongbao/content/2022/content_5682413.htm""]",部门规章,2021-12-17公布；2022-05-01施行,2026-10-02,第八十五条机动车登记证书式样由公安部统一制定并监制、制作应符合有关标准；多处规定应在登记证书上签注变更事项、转让事项、抵押登记与解除抵押的内容和日期、质押备案与转入信息；第五十二条补领换领规则；第四十一条公告作废情形,不给证书可见页、字段与版式,页面已核_版式待核,2022-05-01施行,证书（文字规定；无样图）,无字段；已核“公安部统一制定并监制”与可签注事项类别,2026-10-07,HTTP 200,发布主体为官方机构：公安部（国务院公报2022年第9号）；URL 主机属官方渠道：www.gov.cn；核查状态不含出处未定标记：页面已核_版式待核；原记录未载明链接无法取得正文,0,codex-20261007-v3,,,,,,,,
S043,index_published,C16,教师资格证书（职业资格证书类）,教育部,教育部关于印发《教师资格证书管理规定》的通知（教人〔2001〕6号）,"[""http://www.moe.gov.cn/srcsite/A10/s7058/200108/t20010808_81561.html""]",主管部门规范性文件,2001-08-08印发,2026-10-02,教师资格证书由国务院教育行政部门统一印制；主要内容＝持证人姓名／性别／出生年月／民族，近期小2寸正面免冠照片并加盖认定机构钢印，身份证号码，认定的教师资格种类和任教学科，证书号码（与教师资格认定申请表编号一致），认定机构公章和认定时间；规格25开、14.5厘米×20.5厘米、双横开式样、共8页；封面封底咖啡色磨砂革；编号17位（前四位年度代码、第五六位省级行政区代码、第七八九位认定机构代码、第十位教师资格类型代码1至7、第十一位性别代码0为男1为女、第十二至十七位序号）,不给内页字段排布；该规定为2001年发布，是否仍为现行版次待核（中国教师资格网另有2024至2026年申请人手册）,页面已核_版式待核,2001年版；现行性待核,封面与内页（文字规格；无样图）,见“目前可支持的判断”；位置待核,2026-10-07,HTTP 200,发布主体为官方机构：教育部；URL 主机属官方渠道：www.moe.gov.cn；核查状态不含出处未定标记：页面已核_版式待核；原记录未载明链接无法取得正文,0,codex-20261007-v3,,,,,,,,
S044,index_published,C17,食品经营许可证,国家市场监督管理总局（中国政府网发布）,市场监管总局关于调整《食品经营许可证》式样部分内容的公告（2019年第14号）,"[""https://www.gov.cn/zhengce/zhengceku/2019-11/08/content_5450165.htm""]",主管机构公告,2019-03-21成文；2019-06-01起调整,2026-10-02,《食品经营许可证》有统一样式的正本与副本；正副本监制部门自2019-06-01起由“国家食品药品监督管理总局”调整为“国家市场监督管理总局”；副本格式说明第5条改为“食品经营者应当接受市场监督管理部门的监督管理”；正副本投诉举报电话改为12315；调整前式样在有效期内继续有效,公告只写调整点；完整式样在附件docx内（本次未下载）；不给字段与版式,页面已核_版式待核,2019-06-01起的调整版,正本与副本（文字说明；无样图）,监制部门、副本格式说明第5条、投诉举报电话；字段位置待核,2026-10-07,HTTP 200,发布主体为官方机构：国家市场监督管理总局（中国政府网发布）；URL 主机属官方渠道：www.gov.cn；核查状态不含出处未定标记：页面已核_版式待核；原记录未载明链接无法取得正文,0,codex-20261007-v3,,,,,,,,
S045,index_published,C18,中华人民共和国退休证,天津市人力资源和社会保障局,市人社局关于调整机关事业单位退休证领取方式的通知（津人社办发〔2022〕6号）,"[""https://hrss.tj.gov.cn/zhengwugongkai/zhengcezhinan/zxwjnew/202202/t20220221_5809152.html""]",地方人社部门文件,2022-02-21,2026-10-02,证件全称《中华人民共和国退休证》；式样依据为人社部办公厅《关于重新明确退休证式样有关问题的通知》（人社厅发〔2010〕53号）；在本市参保的中央、国务院各部门和各直属机构退休证由人力资源社会保障部统一印制并加盖人社部印章；地方人社局可印制本级版本并由社保分中心免费发放,未取得人社厅发〔2010〕53号原文（部级官网本次未检索到）；不给版式与字段；各地版本与电子退休证差异未核,页面已核_版式待核,人社厅发〔2010〕53号口径；天津市2022年执行,不适用（无样图）,无字段；已核证件全称与两级印制主体,2026-10-07,HTTP 200,发布主体为官方机构：天津市人力资源和社会保障局；URL 主机属官方渠道：hrss.tj.gov.cn；核查状态不含出处未定标记：页面已核_版式待核；原记录未载明链接无法取得正文,0,codex-20261007-v3,,,,,,,,
S046,index_published,C19,不动产权证书与不动产登记证明,自然资源部（新疆维吾尔自治区自然资源厅转载）,自然资源部关于印发《不动产权证书和登记证明监制办法》的通知（自然资发〔2024〕98号）,"[""https://zrzyt.xinjiang.gov.cn/xjgtzy/gjzzq/202406/ded53c231e69439db44180ad61d4aa78.shtml""]",主管机构规范性文件,2024-05-30印发,2026-10-02,不动产权证书与不动产登记证明由自然资源部统一监制；监制职责含发布统一样式、规定印制标准、实行印制情况备案；省级自然资源主管部门统一负责本行政区域内印制与发行且权限不得下放；证书应具有唯一印制流水号；电子证照参照纸质证书监制要求；原国土资规〔2016〕5号到期失效,不给证书可见页、字段与版式,页面已核_版式待核,2024-05-30起；替代2016年办法,不适用（无样图）,无字段,2026-10-07,HTTP 200,发布主体为官方机构：自然资源部（新疆维吾尔自治区自然资源厅转载）；URL 主机属官方渠道：zrzyt.xinjiang.gov.cn；核查状态不含出处未定标记：页面已核_版式待核；原记录未载明链接无法取得正文,0,codex-20261007-v3,,,,,,,发布机构字段显示该文本由其他官方渠道转载／转述；公开的是该官方渠道页面，不据此宣称原始发布渠道已核实。,
S047,identifier_only_pending,C19,,,,,,,,,,,,,,2026-10-07,HTTP 200,,,codex-20261007-v3,主管机构规范性文件,2016年版监制办法，确认由部级统一监制、发布统一样式与印制标准、省级负责印制、证书与证明应具有唯一印制流水号,已被S046（自然资发〔2024〕98号）替代；不给版式,2026-10-02,不动产权证书与登记证明（2016年版办法）,核查状态含出处未定标记 已失效（已失效（作版本沿革））：不按官方来源公开详情,,
S048,index_published,E02;E03,美国护照与非移民签证贴纸,美国国土安全部移民与海关执法局国土安全调查局法庭科学实验室（ICE HSI Forensic Laboratory）,Guide to Selected U.S. Travel and Identity Documents（Form M-396）,"[""https://www.ice.gov/doclib/foia/policy/guideHSI_SelectedUSTravelIdentityDocs_FormM396_02.2018.pdf""]",执法机构证件识别指南（含彩色图版）,2018-02,2026-10-02,确认美国护照为含芯片的电子护照（封面有芯片符号）；非移民签证为机读签证贴纸（visa foil），贴于护照页；该2018年指南描述的贴纸图案为林肯与国会大厦，且非移民与移民签证使用同一贴纸；美国护照卡2008年启用、2010与2012年改版；指南含护照资料页、签证贴纸等彩色图版,本次只读到PDF文字层，图版本身未辨认；不能据此给出贴纸上的字段名与位置；版本为2018年,页面已核_版式待核,2018-02版指南所载版本,美国护照资料页与非移民签证贴纸等（图版）,无字段位置；已核贴纸图案要素与护照电子封面符号,2026-10-07,HTTP 206,发布主体为官方机构：美国国土安全部移民与海关执法局国土安全调查局法庭科学实验室（ICE HSI Forensic Laboratory）；URL 主机属官方渠道：www.ice.gov；核查状态不含出处未定标记：页面已核_版式待核；原记录未载明链接无法取得正文,0,codex-20261007-v3,,,,,,,,
S049,index_published,E02,英国护照（含样张制度边界）,HM Passport Office（GOV.UK）,Specimen passports: caseworker guidance（accessible版）,"[""https://www.gov.uk/government/publications/specimen-passports-caseworker-guidance/specimen-passports-accessible""]",签发机构内部指引,版本6.0；2023-12-07发布,2026-10-02,存在样张护照（specimen passport）制度：含特定样张数据与持照人图像，在新护照型号启用时由HM Passport Office制作；每轮印制约200本用于样张；自2023-08-01起不再为娱乐用途签发；不再提供时指向国家档案馆的《Reproduction of the British passport information》,不含护照资料页字段与版式；样张只向政府与外国机构发放、非公开可得,页面已核_版式待核,指引v6.0（2023-12-07）；样张随印次每5年更新,不适用（无样图）,无,2026-10-07,HTTP 206,发布主体为官方机构：HM Passport Office（GOV.UK）；URL 主机属官方渠道：www.gov.uk；核查状态不含出处未定标记：页面已核_版式待核；原记录未载明链接无法取得正文,0,codex-20261007-v3,,,,,,,,
S050,index_published,E01,美国加州身份证明卡与驾照,California DMV（加州机动车管理局）,Identification（ID）Cards,"[""https://www.dmv.ca.gov/portal/driver-licenses-identification-cards/identification-id-cards/""]",州机动车管理部门办事说明,页面为现行版；关键日期2025-05-07,2026-10-02,加州身份证明卡分三类：REAL ID卡、Standard ID卡、62岁以上老年卡；自2025-05-07起Standard ID卡不能用于登机或进入联邦设施；Standard ID卡有效期为申请日起第6个生日、老年卡为第8个生日；申请须提供社保号、身份证明文件与居住证明并现场采集指纹与照片；新卡邮寄发放,页面不含卡面样图与字段排布；身份证明卡与驾照的卡面字段级差异未核,页面已核_版式待核,2025-05-07后的现行规则；卡面设计见S018,不适用（无样图）,无字段；已核卡种与有效期规则,2026-10-07,HTTP 200,发布主体为官方机构：California DMV（加州机动车管理局）；URL 主机属官方渠道：www.dmv.ca.gov；核查状态不含出处未定标记：页面已核_版式待核；原记录未载明链接无法取得正文,0,codex-20261007-v3,,,,,,,,
S051,index_published,E04,英格兰及威尔士婚姻证书（美国加州部分另找）,英国通用登记办公室General Register Office（GOV.UK）,Guide to marriage certificates,"[""https://www.gov.uk/government/publications/family-tree-guide-to-marriage-certificates/guide-to-marriage-certificates""]",签发登记机构公开指引,页面为现行版（GOV.UK publication）,2026-10-02,英格兰及威尔士的婚姻登记自1837年起由GRO保存；证书载明姓名与姓氏／年龄／condition（婚姻状况）／rank or profession（身份或职业）／residence（住址）／双方父亲姓名与职业／见证人／举行地点；GRO出具的是登记簿副本、不显示本人签名笔迹,该指引面向家谱检索并以历史证书为例；不给现行证书版式与字段排布；不带样图,页面已核_版式待核,1837年以来的英格兰及威尔士登记；现行版式待核,不适用（无样图）,上述字段名称；位置待核,2026-10-07,HTTP 206,发布主体为官方机构：英国通用登记办公室General Register Office（GOV.UK）；URL 主机属官方渠道：www.gov.uk；核查状态不含出处未定标记：页面已核_版式待核；原记录未载明链接无法取得正文,0,codex-20261007-v3,,,,,,,,
S052,index_published,E06,美国高校学位证书（文凭）,加州大学洛杉矶分校注册办公室（UCLA Registrar’s Office）,Diploma Format,"[""https://registrar.ucla.edu/student-records/diplomas/diploma-format""]",签发机构（高校）官方说明,页面为现行版,2026-10-02,该校文凭载明学位、专业、辅修、专业方向与所获荣誉；含加州州长、加州大学校长、校区校长、学院院长签名及加州大学官方印章；同一学院内双专业合于一证、跨学院双专业发两证,不给版式尺寸与字段位置；仅为一所美国大学的做法，不能推广到其他学校,页面已核_版式待核,现行版（页面2026年）,不适用（无样图）,无字段位置；已核签名与印章类别,2026-10-07,HTTP 200,发布主体为官方机构：加州大学洛杉矶分校注册办公室（UCLA Registrar’s Office）；URL 主机属官方渠道：registrar.ucla.edu；核查状态不含出处未定标记：页面已核_版式待核；原记录未载明链接无法取得正文,0,codex-20261007-v3,,,,,,,,
S053,index_published,E10,英国HCPC注册状态确认件；仅作E10机构与载体线索,英国健康与照护专业委员会（HCPC）,Request confirmation of your registration status,"[""https://www.hcpc-uk.org/registration/your-registration/confirmation-of-your-registration-status/""]",监管机构服务页,页面为现行版,2026-10-02,HCPC官网提供按请求出具注册状态确认件的服务；本行只确认该确认件与签发机构，不代表职业资格证书或执照本体。,不含注册证书或执照本体的字段、版式与样图；NMC页面没有单独记录URL，本行不能作为NMC的来源。,页面已核_版式待核,现行服务页面,不适用（无样图）,无；只确认HCPC注册状态确认服务的存在，不支持证书本体字段与位置,2026-10-07,HTTP 200,发布主体为官方机构：英国健康与照护专业委员会（HCPC）；URL 主机属官方渠道：www.hcpc-uk.org；核查状态不含出处未定标记：页面已核_版式待核；原记录未载明链接无法取得正文,0,codex-20261007-v3,,,,,,,,
S054,index_published,C05,卡式往来港澳通行证（正面）,国家移民管理局,往来港澳通行证样式,"[""https://www.nia.gov.cn/n741445/n741629/c763351/content.html""]",主管机构证件式样页（含样图）,页面发布2018-09-29,2026-10-02,官方式样图为卡式通行证正面：左上红蓝标徽与证件名称标题、右上证件号码、左侧持证人照片、中部字段区、右侧第二张照片、底部机读区；样图的有效期限写作起止两个日期（样式为YYYY.MM.DD-YYYY.MM.DD），签发机关栏为中华人民共和国出入境管理局、签发地点栏为省级地名,不给背面（签注区）版式；不给字号与精确坐标；样图用的是样本数据,官方式样页已核_样图已辨认,卡式往来港澳通行证；页面发布2018-09-29,正面,顶部左侧红蓝标徽与“往来港澳通行证”；右上角证件号码；左侧持证人照片；中部字段区自上而下为姓名（中文加拼音大写）／出生日期／性别／有效期限／签发机关／签发地点；右侧第二张照片；底部一行机读码,2026-10-07,HTTP 206,发布主体为官方机构：国家移民管理局；URL 主机属官方渠道：www.nia.gov.cn；核查状态不含出处未定标记：官方式样页已核_样图已辨认；原记录未载明链接无法取得正文,0,codex-20261007-v3,,,,,,,,
S055,index_published,C05,卡式往来港澳通行证与签注的签发规则,国家移民管理局,往来港澳通行证和签注签发服务指南,"[""https://www.nia.gov.cn/n741440/n741587/n1316094/n1355872/c1559612/content.html""]",主管机构办事指南,页面为现行版,2026-10-02,往来港澳通行证有效期分5年与10年两种：申请时未满16周岁发5年、16周岁及以上发10年；签注按事由分探亲T／商务S／团队旅游L／个人旅游G／逗留D／人才R／其他Q共7类，各类的签发次数与每次逗留上限见审批结果一节；证件工本费每证60元；证件有效期不足6个月或短于拟申请签注有效期时应换发,不给卡面版式；不规定签注在卡面背面的排布；背面签注块的相对几何、字号与签注编号规则仍缺（S100 的反面样图只支持块结构与栏名，无比例尺）,页面已核_版式待核,现行指南（含北京、上海与粤港澳大湾区口径）,不适用（无样图）,见“目前可支持的判断”,2026-10-07,HTTP 200,发布主体为官方机构：国家移民管理局；URL 主机属官方渠道：www.nia.gov.cn；核查状态不含出处未定标记：页面已核_版式待核；原记录未载明链接无法取得正文,0,codex-20261007-v3,,,,,,,,
S056,index_published,C05,卡式往来台湾通行证（正面）,国家移民管理局,往来台湾通行证样式,"[""https://www.nia.gov.cn/n741445/n741629/c763397/content.html""]",主管机构证件式样页（含样图）,页面发布2018-09-29,2026-10-02,官方式样图为卡式往来台湾通行证正面：左上红蓝标徽与证件名称标题、右上证件号码、左侧持证人照片、中部字段区、右侧第二张照片、底部机读区；字段分组与港澳通行证一致（姓名中英对照、出生日期、性别、有效期限、签发机关、签发地点）,不给背面（擦写签注区）版式；不给字号与精确坐标；样图为样本数据,官方式样页已核_样图已辨认,卡式（电子）往来台湾通行证；页面发布2018-09-29,正面,顶部左侧红蓝标徽与“往来台湾通行证”；右上角证件号码；左侧持证人照片；中部字段区自上而下为姓名（中文加拼音大写）／出生日期／性别／有效期限／签发机关／签发地点；右侧第二张照片；底部一行机读码,2026-10-07,HTTP 206,发布主体为官方机构：国家移民管理局；URL 主机属官方渠道：www.nia.gov.cn；核查状态不含出处未定标记：官方式样页已核_样图已辨认；原记录未载明链接无法取得正文,0,codex-20261007-v3,,,,,,,,
S057,index_published,C05,卡式往来台湾通行证与签注的签发规则,国家移民管理局,大陆居民往来台湾通行证和签注签发服务指南,"[""https://www.nia.gov.cn/n741440/n741587/n1316094/n1355872/c1356395/content.html""]",主管机构办事指南,页面为现行版,2026-10-02,卡式往来台湾通行证有效期分10年（已满16周岁）与5年（未满16周岁）；内嵌非接触式芯片；签注直接打印在证件背面且可重复擦写，留存指纹的持证人可自助通关；签注分团队旅游L／个人旅游G／探亲T／定居D／应邀Y／商务F／学习X／乘务C／其他Q共9类；启用后原本式证与贴纸签注仍可继续使用；卡式证件工本费60元一张,不给背面签注区版式；赴台个人旅游自2019-08-01起暂停受理；背面签注块的相对几何、字号与签注编号规则仍缺（S100 的反面样图只支持块结构与栏名，无比例尺）,页面已核_版式待核,现行指南（卡式电子证）,背面签注区（文字规定）；无样图,见“目前可支持的判断”,2026-10-07,HTTP 200,发布主体为官方机构：国家移民管理局；URL 主机属官方渠道：www.nia.gov.cn；核查状态不含出处未定标记：页面已核_版式待核；原记录未载明链接无法取得正文,0,codex-20261007-v3,,,,,,,,
S058,index_published,C06,中华人民共和国普通签证的类别与式样规定,国家移民管理局,中华人民共和国外国人入境出境管理条例（国务院令第637号）,"[""https://www.nia.gov.cn/n741440/n741547/c1014161/content.html""]",行政法规,2013-07-12公布；2013-09-01施行,2026-10-02,第六条列出普通签证类别及签发对象；本行抄录的类别标记共 16 个（2026-10-04 经 S110 回核国务院令第 637 号第六条原文确认：以 12 项列举、共 16 个字母类别，团体 L 写在 L 类项内不另计）：C／D／F／G／J1／J2／L（团体入境的签团体L）／M／Q1／Q2／R／S1／S2／X1／X2／Z，并逐类写明签发对象；第七条列各类别的申请材料；第九条要求在签证上注明入境后办理居留证件的时限；第三十八条明确“签证的式样由外交部会同公安部规定”,不给签证贴纸的字段名与版式；不分条列出有效期与停留期限的具体数值,页面已核_版式待核,2013-09-01施行版,不适用（无样图）,见“目前可支持的判断”,2026-10-07,HTTP 200,发布主体为官方机构：国家移民管理局；URL 主机属官方渠道：www.nia.gov.cn；核查状态不含出处未定标记：页面已核_版式待核；原记录未载明链接无法取得正文,0,codex-20261007-v3,,,,,,,,
S059,index_published,C06,中华人民共和国普通签证（以F字签证为例的官方式样）,国家移民管理局,普通签证样式,"[""https://www.nia.gov.cn/n741445/n741629/c763288/content.html""]",主管机构证件式样页（含样图）,页面发布2018-09-29,2026-10-02,官方式样图为“中华人民共和国签证 VISA OF THE PEOPLE'S REPUBLIC OF CHINA”，顶部标注“访问（F）”；字段中英对照：Full Name／姓名、Sex／性别、Date of Birth／出生日期、Passport No.／护照号码、Entries／入境次数、Valid Until／入境有效期至、Duration of Each Stay／停留期限、Date of Issue／签发日期、Place of Issue／签发地点、Observations／备注；右上为签证号码（八位），右侧为彩色CHINA字样与徽记；左侧为持证人照片；底部两行机读码,样图以F字签证为例，不能推广到其他类别的有效期与停留期限；不给贴纸尺寸、粘贴位置与防伪细节,官方式样页已核_样图已辨认,普通签证；页面发布2018-09-29,签证贴纸正面,见“目前可支持的判断”,2026-10-07,HTTP 200,发布主体为官方机构：国家移民管理局；URL 主机属官方渠道：www.nia.gov.cn；核查状态不含出处未定标记：官方式样页已核_样图已辨认；原记录未载明链接无法取得正文,0,codex-20261007-v3,,,,,,,,
S060,index_published,C06,中华人民共和国团体签证,国家移民管理局,团体签证样式,"[""https://www.nia.gov.cn/n741445/n741629/c763294/content.html""]",主管机构证件式样页（含样图）,页面发布2018-09-29,2026-10-02,官方式样图为“中华人民共和国团体签证 GROUP VISA OF THE PEOPLE'S REPUBLIC OF CHINA”，顶部标注“旅游（L）”；字段中英对照：Group No.／团号、Members in group／人数、Entries／入境次数、Valid for Entry by／入境有效期至、Duration of Each Stay／停留期限、Date of Issue／签发日期、Place of Issue／签发地点、Observations／备注；与普通签证的差别是不含姓名、性别、出生日期与护照号码，改以团号与整团人数替代,不给贴纸尺寸与粘贴位置；不能据此推普通签证,官方式样页已核_样图已辨认,团体L字签证；页面发布2018-09-29,签证贴纸正面,见“目前可支持的判断”,2026-10-07,HTTP 200,发布主体为官方机构：国家移民管理局；URL 主机属官方渠道：www.nia.gov.cn；核查状态不含出处未定标记：官方式样页已核_样图已辨认；原记录未载明链接无法取得正文,0,codex-20261007-v3,,,,,,,,
S061,index_published,E10,加州建筑承包商执照的挂墙证书与随身卡,美国加州承包商州执照委员会（CSLB）,Ordering a Wall Certificate or Pocket License Card,"[""https://www.cslb.ca.gov/Contractors/Maintain_License/Ordering_Wall_Certificate_Pocket_Card.aspx""]",州执照机构官网说明,页面为现行版,2026-10-02,CSLB在执照核发时提供挂墙证书（wall certificate）与随身执照卡（pocket license card）两种实体；续期、增加分类、恢复或停用执照时另发随身卡；补订每份25美元，须由业主、合伙人或公司高级职员签署申请表；执照处于停用状态时补订须先解除停用；停用期间续期只寄信函而不发随身卡,不给两种实体的版式、字段、尺寸与颜色；无样图,页面已核_版式待核,现行服务说明,不适用（无样图）,无字段；已核两种实体存在与补订规则,2026-10-07,HTTP 200,发布主体为官方机构：美国加州承包商州执照委员会（CSLB）；URL 主机属官方渠道：www.cslb.ca.gov；核查状态不含出处未定标记：页面已核_版式待核；原记录未载明链接无法取得正文,0,codex-20261007-v3,,,,,,,,
S062,index_published,E10,加州注册护士证书与挂墙证书,美国加州注册护士局（California Board of Registered Nursing）,Duplicate Requests,"[""https://www.rn.ca.gov/licensees/dups.shtml""]",州执照机构官网说明,页面为现行版（页面版权年2026）,2026-10-02,加州注册护士局向执照人核发注册护士证书（RN certificate）与挂墙证书（wall certificate）；证书遗失、被盗或损毁可在线或邮寄申请补发；因改名需换发挂墙证书；补发须缴费，地址变更或未在核发后90日内告知的不免收费用,不给证书版式、字段、尺寸与颜色；无样图；页面未列证书上的全部记载事项,页面已核_版式待核,现行服务说明,不适用（无样图）,无字段；已核两种实体及其补发条件,2026-10-07,HTTP 200,发布主体为官方机构：美国加州注册护士局（California Board of Registered Nursing）；URL 主机属官方渠道：www.rn.ca.gov；核查状态不含出处未定标记：页面已核_版式待核；原记录未载明链接无法取得正文,0,codex-20261007-v3,,,,,,,,
S063,index_published,E10,英国医生注册证明（certificate of proof of entry on the register）,英国医务委员会（General Medical Council）,Certificates of proof of entry on the register,"[""https://www.gmc-uk.org/registration-and-licensing/managing-your-registration/proof-of-registration/certificates-of-proof-of-entry-on-the-register""]",专业监管机构官网说明,页面为现行版,2026-10-02,该证明载明医生姓名与签发时的注册状态；证明本身不是身份证明；医生本人可从 GMC Online 账户查看并打印；注册状态可能自签发后变化，最新状态须查医学注册名录；证明上的状态表述与名录上的表述可能不同（例如 Full Registration in APS with a licence to practise 对名录中的 Registered with a licence to practise）,不给证明版式、尺寸与防伪特征；无样图；雇主与海外监管机构不能代为索取,页面已核_版式待核,现行版,不适用（无样图）,已核证明载明姓名与注册状态两项,2026-10-07,HTTPError 403 Forbidden,发布主体为官方机构：英国医务委员会（General Medical Council）；URL 主机属官方渠道：www.gmc-uk.org；核查状态不含出处未定标记：页面已核_版式待核；原记录未载明链接无法取得正文,0,codex-20261007-v3,,,,,,,,
S064,index_published,C15,统一社会信用代码字符集、分段与部门类别,北京市市场监督管理局,“码”上告诉您 | 一文带您读懂18个字符“密码”,"[""https://scjgj.beijing.gov.cn/zwxx/scjgdt/202407/t20240719_3753300.html""]",主管机构编码说明,2024-07-18,2026-10-03,18位；不使用I/O/Z/S/V；9表示市场监管、1表示企业；第3至8位为登记管理机关行政区划；第9至17位为组织机构代码,不提供具体校验公式、执照布局或号码未占用证明,页面已核_编码要素已核,说明GB 32100-2015编码体系,不适用（规则文字）,18位；禁用字符；91为市场监管企业；各码段含义,2026-10-07,HTTP 206,发布主体为官方机构：北京市市场监督管理局；URL 主机属官方渠道：scjgj.beijing.gov.cn；核查状态不含出处未定标记：页面已核_编码要素已核；原记录未载明链接无法取得正文,0,codex-20261007-v3,,,,,,,,
S065,index_published,E09,英国普通private company limited by shares的名称后缀,Companies House,Incorporation and names,"[""https://www.gov.uk/government/publications/incorporation-and-names/incorporation-and-names""]",主管机构现行指南,2026-07-21（页面更新）,2026-10-03,6.1节区分私人公司Limited/Ltd与公众公司public limited company/plc；1.13节列出成立证书要素,不提供证书字段位置；威尔士替代名称和免除后缀的例外不属于本次虚构普通公司设定,页面已核_名称与公司类型规则已核,页面2026-07-21更新；英格兰及威尔士普通私人股份有限公司,不适用（规则文字）,名称后缀与private/public属性；证书必载字段；不含位置,2026-10-07,HTTP 206,发布主体为官方机构：Companies House；URL 主机属官方渠道：www.gov.uk；核查状态不含出处未定标记：页面已核_名称与公司类型规则已核；原记录未载明链接无法取得正文,0,codex-20261007-v3,,,,,,,,
S066,index_published,C01,公民身份号码的顺序码与末位校验算法,国家质量技术监督局（标准制定）；北京市住建委网站转载,GB 11643-1999 公民身份号码,"[""https://zjw.beijing.gov.cn/Portals/0/zhuanti/fazhan/%E8%BA%AB%E4%BB%BD%E8%AF%81GB11643-1999.pdf""]",官方站点所载国家标准全文,1999-01-19（标准批准）,2026-10-03,5.1.3性别奇偶；5.1.4表1加权因子、表2余数与末位字符对应；18位结构,不证明号码未被现实占用；不提供卡面位置,标准文本已核_号码算法已核,GB 11643-1999；本次标准平台仍显示现行,不适用（规则文字）,18位；顺序码奇数男偶数女；MOD 11-2校验位,2026-10-07,HTTP 206,发布主体为官方机构：国家质量技术监督局（标准制定）；北京市住建委网站转载；URL 主机属官方渠道：zjw.beijing.gov.cn；核查状态不含出处未定标记：标准文本已核_号码算法已核；原记录未载明链接无法取得正文,0,codex-20261007-v3,,,,,,,发布机构字段显示该文本由其他官方渠道转载／转述；公开的是该官方渠道页面，不据此宣称原始发布渠道已核实。,
S067,index_published,C15,统一社会信用代码末位校验算法,南昌县人民政府（复载统计方案与国家标准）,第五次全国经济普查方案：七、法人和其他组织统一社会信用代码编码规则,"[""https://ncx.nc.gov.cn/ncxrmzf/zdfa/202404/57b8a5d47a7e43019f2ac2efb118841a.shtml""]",官方站点复载国家标准文字,2024-04（路径月份；具体发布日期未核）,2026-10-03,复载GB 32100-2015第4.2.5及表4：17个权重、模31校验与余数边界；本次clean本体只取数字，末位亦为数字,本次仅核检索返回的可读标准片段；网页直连TLS失败；未复核全部附录或修改单，不能证明实际赋码与布局,检索可读标准片段已核_直连失败,GB 32100-2015数字本体子集；未据此声称完整赋码范围均已核,不适用（规则文字）,17个权重；模31末位公式与边界；码段含义,2026-10-07,HTTP 200,发布主体为官方机构：南昌县人民政府（复载统计方案与国家标准）；URL 主机属官方渠道：ncx.nc.gov.cn；核查状态不含出处未定标记：检索可读标准片段已核_直连失败；原记录未载明链接无法取得正文,0,codex-20261007-v3,,,,,,,发布机构字段显示该文本由其他官方渠道转载／转述；公开的是该官方渠道页面，不据此宣称原始发布渠道已核实。,
S068,index_published,C15,统一社会信用代码中九位组织机构代码的校验算法,中国民用航空局,MH/T 0037-2012 民航电子政务机构与人员信息交换规范,"[""https://www.caac.gov.cn/XXGK/XXGK/BZGF/HYBZ/201707/P020170727583425275929.pdf""]",主管机构标准全文（引用全国组织机构代码规则）,2012-04-16（标准发布）,2026-10-03,4.2.1明确采用全国组织机构代码编制规则；4.2.1.3与附录B提供8位本体加权和、模11校验及0/X边界,不把民航自定义PDY号段用于企业；不证明企业实际赋码；本次只用数字本体校验公式,标准相关条款已核_算法已核,用于核数字本体组织机构校验；不主张民航标准当前全部条款适用于企业,不适用（规则文字）,权重3/7/9/10/5/8/4/2；模11与0/X转换,2026-10-07,HTTP 206,发布主体为官方机构：中国民用航空局；URL 主机属官方渠道：www.caac.gov.cn；核查状态不含出处未定标记：标准相关条款已核_算法已核；原记录未载明链接无法取得正文,0,codex-20261007-v3,,,,,,,,
S069,index_published,C01;C15,上海市闵行区行政区划代码,上海市民政局,上海市行政区划代码,"[""https://mzj.sh.gov.cn/MZ_zhuzhan1539_0-2-8-1459/20260727/535996b5abd045baac0c65552f4527d9.html""]",主管机构行政区划表,2026-07-27,2026-10-03,闵行区六位码310112；本次身份证地址和企业住所均设在上海市闵行区,不核虚构街路、号码现实占用或证照布局；不作为早年历史区划表,页面已核_本次区划码已核,2026-07-27发布；本次用于2026年合成设定,不适用（规则文字）,上海市闵行区=310112,2026-10-07,HTTP 206,发布主体为官方机构：上海市民政局；URL 主机属官方渠道：mzj.sh.gov.cn；核查状态不含出处未定标记：页面已核_本次区划码已核；原记录未载明链接无法取得正文,0,codex-20261007-v3,,,,,,,,
S070,index_published,C01,中国大陆第二代居民身份证两面（教育实名注册帮助页示例图）,学信网（中国高等教育学生信息网，教育部学籍学历信息平台账号系统）,帮助中心_实名注册_学信网（手持身份证照片样例）,"[""https://account.chsi.com.cn/account/help/sfzhzpsimple.jsp""]",官方事业单位帮助页（含两幅示例图）,页面未标注发布日期,2026-10-04,页面正文标注“手持身份证人像面照片样例”与“手持身份证国徽面照片样例”并各配一图；两图均已下载逐幅辨认：人像面为字段列在左（自上而下 姓名／性别与民族／出生／住址（折行）／公民身份号码，末项字号最大），持证人照片在右；国徽面为红色国徽位于卡面左侧中上部，其右侧上部为大字“中华人民共和国”、下部为大字“居民身份证”，卡面下部两行自左至右为“签发机关”与机关名称、“有效期限”与起止日期（示例写作YYYY.MM.DD-YYYY.MM.DD）；两面背景均有淡色长城图案与扭索底纹,学信网不是居民身份证的签发机关，此页不是公安部式样文件；不能据此确认现行版次、字段精确坐标、字号与防伪工艺；示例图为人手持拍摄，存在透视且有手指遮挡卡面下缘，方位只能作相对描述；示例图中的姓名（部分字符）与号码为演示数据，不得复制进生成内容,页面已核_版式待核,第二代居民身份证；示例图版次未标注,人像面与国徽面（各一幅示例图）,国徽面：国徽（卡面左侧中上部）／中华人民共和国（国徽右侧上部，大字横排）／居民身份证（中华人民共和国下方，大字横排）／签发机关与机关名称（卡面下部第一行）／有效期限与起止日期（卡面下部第二行）；人像面：姓名／性别与民族／出生／住址（折行）／公民身份号码（自上而下位于卡面左侧字段列，末项字号最大），持证人照片（字段列右侧）；仅相对位置可观察，精确坐标与字号不适用,2026-10-07,HTTP 200,发布主体为官方机构：学信网（中国高等教育学生信息网，教育部学籍学历信息平台账号系统）；URL 主机属官方渠道：account.chsi.com.cn；核查状态不含出处未定标记：页面已核_版式待核；原记录未载明链接无法取得正文,0,codex-20261007-v3,,,,,,,,
S071,index_published,C08,上海交通大学校园卡（实体卡与虚拟卡）,上海交通大学网络信息中心（信息公开网发布）,上海交通大学校园卡管理办法（沪交网络〔2022〕1号）,"[""https://gk.sjtu.edu.cn/Phone/View/3007""]",校方管理办法（官方文字依据）,2022年（文号沪交网络〔2022〕1号；页面未标日期）,2026-10-04,校园卡是为师生提供身份识别与消费支付的校园通用证件，分实体卡与虚拟卡（V卡）；按持卡人分工作证／学生证／普通校园卡（含通行就餐卡）／校友卡／无记名卡五类；第十条“样式”明确卡面包括持卡人姓名、单位、照片等个人身份信息及校园标志性图案，持卡人可通过“交我办”自主更换照片并定制标志性图案；第十一条有效期按持卡人身份与归口管理部门要求设定，学籍延期会延长有效期；第十二条补卡换卡可同步更换照片与图案、需缴工本费、新卡启用后原卡失效余额转入新卡,不含卡面版式（字段位置、字号、颜色、卡背）；不含学号或卡号的编码规则；不能替代S010所记实物样本版面,页面已核_版式待核,沪交网络〔2022〕1号；页面为现行版,文字办法；无样卡图,已核卡面应含：持卡人姓名、单位、照片、校园标志性图案；不含位置与字号,2026-10-07,HTTP 200,发布主体为官方机构：上海交通大学网络信息中心（信息公开网发布）；URL 主机属官方渠道：gk.sjtu.edu.cn；核查状态不含出处未定标记：页面已核_版式待核；原记录未载明链接无法取得正文,0,codex-20261007-v3,,,,,,,,
S072,index_published,C08,上海交通大学建校130周年专属（定制卡面）校园卡,上海交通大学医学院网络信息中心（医学院信息公开网发布）,关于办理上海交通大学建校130周年专属校园卡的通知,"[""https://www.shsmu.edu.cn/xxgk/info/1118/11644.htm""]",校方通知（官方文字依据）,2026-03-23,2026-10-04,学校推出建校130周年专属校园卡定制服务；线上在“交我办”APP选“130周年定制卡面”完成自助办卡预约，或携个人身份证件到校园卡服务中心现场换卡；现场换卡收取20元/张制卡工本费；新卡制作完成后原卡自动失效、卡内余额转入新卡,不含卡面图案细节与字段位置；本通知为医学院口径，校本部是否同文本次未核；不能证明各年份或各批次卡背图案,页面已核_版式待核,2026年建校130周年专属卡面批次（2026-03-23通知）,文字通知；无卡面图,无字段位置；已核定制卡面、换卡流程与20元/张工本费规则,2026-10-07,HTTP 206,发布主体为官方机构：上海交通大学医学院网络信息中心（医学院信息公开网发布）；URL 主机属官方渠道：www.shsmu.edu.cn；核查状态不含出处未定标记：页面已核_版式待核；原记录未载明链接无法取得正文,0,codex-20261007-v3,,,,,,,,
S073,index_published,C08,上海交通大学校园卡（V卡界面示例与卡面照片定制）,上海交通大学网络信息中心,想换校园卡照片？来，交我办已安排！,"[""https://net.sjtu.edu.cn/info/1010/2899.htm""]",校方新闻（含界面示例图）,2022-02-28,2026-10-04,交我办APP的校园卡在线服务含五项：自选上传照片并经相似度核验后同步至校园卡、在线充值（微信支付）、电子亮证、消费记录查询、线上挂失解挂；页内配图已下载辨认：移动端“校园卡”界面图（682×848像素）显示红色题名区（校徽、校名中英文、右侧类别名“工作证”）与浅色卡面区（左侧持卡人照片；右侧自上而下为“姓名：交小网”“部门：网络信息中心”“工号：123324”“卡号：2333232”），底部功能栏含“更换照片”；另有同页界面长图（1080×2219像素）,配图为V卡（虚拟卡）界面示意，不是实体卡印刷样张；样本属工作证（教职工）类别，学生证类别是否将“部门／工号”换为“院系／学号”不能由此推出；不含尺寸、字号、防伪工艺与卡背,官方式样页已核_样图已辨认,2022年2月版V卡界面；现行性待核,V卡界面示例（工作证类别）,卡面：红色题名区含校徽、校名中英文与类别名（样本为“工作证”）；浅色区左侧为持卡人照片、右侧自上而下为姓名／单位（界面写作“部门”）／编号（界面写作“工号”）／卡号,2026-10-07,HTTP 206,发布主体为官方机构：上海交通大学网络信息中心；URL 主机属官方渠道：net.sjtu.edu.cn；核查状态不含出处未定标记：官方式样页已核_样图已辨认；原记录未载明链接无法取得正文,0,codex-20261007-v3,,,,,,,,
S074,index_published,C15,GB 32100-2015《法人和其他组织统一社会信用代码编码规则》第1号修改单全文,全国组织机构统一社会信用代码数据服务中心（cods.org.cn，市场监管总局直属单位）,GB 32100-2015XG1-2016《法人和其他组织统一社会信用代码编码规则》国家标准第1号修改单,"[""https://www.cods.org.cn/cods/2020-10/29/12574hi/2026052817540432753.pdf""]",官方机构网站所载修改单PDF,页面2020-10-29；修改单由国家标准委公告2016年第6号批准发布,2026-10-04,修改单全文三段已下载转文本辨认：一、表2增加登记管理部门代码标识——机构编制1／外交2／司法行政3／文化4／民政5／旅游6／宗教7／工会8／工商9／中央军委改革和编制办公室A／农业N／其他Y；二、表3增加登记管理部门的机构类别代码标识（例：工商为企业1／个体工商户2／农民专业合作社3；民政为社会团体1／民办非企业单位2／基金会3；其他为1）；三、第3章3.5“统一社会信用代码”增加许用术语“统一代码 unified identifier”。适用边界（2026-10-04 订正）：本行只支持表 2 登记管理部门代码与表 3 机构类别代码的赋值，以及 3.5 术语许用；不含第 9–17 位主体标识码字符集与校验、不含第 18 位校验位算法、不含标准附录正文,不含第18位校验位算法（权值表与模31另见S067）；不含第9至17位主体标识码的字符集与校验（另见S068）；不证明个别单位的实际赋码,页面已核_编码要素已核,GB 32100-2015 第1号修改单（2016年）；标准本身2015-10-01实施,不适用（规则文字）,表2共12个登记管理部门代码（含字母A／N／Y）；表3机构类别代码；与S064“91为市场监管企业”一致,2026-10-07,HTTP 206,发布主体为官方机构：全国组织机构统一社会信用代码数据服务中心（cods.org.cn，市场监管总局直属单位）；URL 主机属官方渠道：www.cods.org.cn；核查状态不含出处未定标记：页面已核_编码要素已核；原记录未载明链接无法取得正文,0,codex-20261007-v3,,,,,,,,
S075,identifier_only_pending,C15,,,,,,,,,,,,,,2026-10-07,HTTP 200,,,codex-20261007-v3,国家标准公开平台元数据页,标准状态栏为“现行”；备注栏为“第1号修改单”；主管与归口部门均为国家标准委；发布单位为原国家质量监督检验检疫总局与国家标准化管理委员会,页面全文在线预览提示需现代浏览器，本次工具未取得正文与附表；不能据此确认附录内容或修改单条文（修改单另见S074）,2026-10-04,GB 32100-2015 标准状态页,原记录明示未取得正文与附表，不满足本版公开条件第4项；保留限制，不公开详情。,,
S076,index_published,C15,营业执照记载内容调整说明（2022年，含格式A至H正副本格式示意图）,国家市场监督管理总局办公厅（随市监注发〔2022〕71号发布的附件）,营业执照记载内容调整说明.docx,"[""https://www.samr.gov.cn/cms_files/filemanager/1647978232/attach/20247/94ffdf6c07f646a1bddfd994a703d4e4.docx""]",主管机构通知附件（含格式示意图）,2022-07-25成文（随S012的通知发布）,2026-10-04,附件正文与全部14幅格式示意图已下载辨认。格式A（公司）：1.取消“营业期限”事项打印；2.“住所”事项名称及内容的位置上移。公司营业执照正本格式示意图（992×701像素）版面：上部居中为红色国徽，其下居中为大字标题“营业执照”；左上为“统一社会信用代码”标签及其号码；右上为二维码方框及“扫描二维码登录‘国家企业信用信息公示系统’了解更多登记、备案、许可、监管信息”提示语；左列自上而下为名称／类型／法定代表人／经营范围（占左侧下部多行）；右列自上而下为注册资本／成立日期／住所；右下部为“登记机关”及“年 月 日”和红色圆形印章；下缘左侧为“国家企业信用信息公示系统网址：http://www.gsxt.gov.cn”，下缘右侧为“国家市场监督管理总局监制”；底纹为重复“SCJDGL”字样（副本示意图702×496像素另备），示意图中的事项值均写作XXX占位,示意图使用占位值，不是实际颁发的照面，且未标注字号与坐标；示意图中未出现企业码，不能据此确认企业码位置；只覆盖本附件列出的调整项目，未覆盖调整以外的全部照面细节,官方式样页已核_样图已辨认,2022-09-01起颁发的调整版式；公司法人A格式,格式A正本照面示意图（副本示意图同附件另备）,见“目前可支持的判断”；相对位置已核，字号与坐标待核,2026-10-07,HTTP 206,发布主体为官方机构：国家市场监督管理总局办公厅（随市监注发〔2022〕71号发布的附件）；URL 主机属官方渠道：www.samr.gov.cn；核查状态不含出处未定标记：官方式样页已核_样图已辨认；原记录未载明链接无法取得正文,0,codex-20261007-v3,,,,,,,,
S077,index_published,E08,加州驾照与身份卡背面条码（数字安全签名）,California DMV（加州机动车管理局）,Verifying Digital Signatures on California DL/ID Documents（PDF）,"[""https://www.dmv.ca.gov/portal/file/verifying-digital-signatures-on-california-dlid-documents-pdf/""]",州机动车管理部门技术说明PDF（含图样）,页面未标注日期（现行版）,2026-10-04,PDF内嵌两幅条码图样已提取辨认（716×254像素与468×170像素），图案为堆叠式二维条码外观，对应S018／S028所述“新版背面两个条码之一加载数字安全签名”中的条码；另确认DMV以另页说明如何验证该数字签名,两幅图均为条码局部，不含卡背整面版式，不能据此确认条码在背面的位置、尺寸、数量编号与相对排列；本次未核对条码型号名称,页面已核_版式待核,2025-09-30起新版（与S028同批口径）；PDF为现行版,背面条码局部（非整面）,无字段位置；仅确认条码图案形态与“背面保留条码”的对应,2026-10-07,HTTP 206,发布主体为官方机构：California DMV（加州机动车管理局）；URL 主机属官方渠道：www.dmv.ca.gov；核查状态不含出处未定标记：页面已核_版式待核；原记录未载明链接无法取得正文,0,codex-20261007-v3,,,,,,,,
S100,index_published,C04;C05,中国出入境证件：电子普通护照、卡式往来港澳通行证、卡式往来台湾通行证,国家移民管理局,出入境证件简明手册,"[""https://www.nia.gov.cn/n741440/n741547/c1197066/content.html""]",主管机构科普手册（含官方样图，样图于2026-10-07下载辨认）,2019-12-26,2026-10-04,①电子普通护照2012年启用；号码规则：2017年4月以前为“E”加8位阿拉伯数字，2017-04-05起为第一位“E”、第二位顺序使用英文字母（I、O除外）、第三位起7位数字，共9位；旧版普通护照为“G”加8位阿拉伯数字。②护照签发机关2019年3月前为公安部出入境管理局，2019年3月起为中华人民共和国国家移民管理局，国外办理为驻外大使馆或领事馆等其他机构。③电子往来港澳通行证2014年5月启用；号码2018-12-03前为“C”加8位数字，2018-12-03后为“C”加第二位顺序字母（I、O除外）加7位数字，共9位；签发机关自2019年6月起为中华人民共和国出入境管理局。④电子往来台湾通行证2016年12月启用；号码为“L”加8位阿拉伯数字；2016年12月以前本式证件为“T”加8位数字且最晚有效期至2022年5月；签发机关自2019年6月起同为中华人民共和国出入境管理局。⑤往来港澳签注种类（本页2019年口径共6类）：探亲T、商务S、团队旅游L、个人旅游G、逗留D、其他Q；前往台湾签注种类（本页2019年口径共9类）：团队旅游L、个人旅游G、探亲T、定居D、应邀Y、商务S、学习X、乘务C、其他Q。⑥往来港澳与前往台湾签注均直接打印在证件背面且可重复擦写；持证人可自助通关。⑦手册配有名与该证件一致的样图：护照封面、护照资料页两张、往来港澳通行证正面与反面、往来台湾通行证正面与反面。,背面签注块的相对坐标、尺寸与字号；卡式通行证卡面尺寸未给出；防伪工艺；样图为样本数据、不代表真实持证人；本页签注类别为2019年口径，与现行指南（S106港澳7类、S107台湾商务F）存在版本时间差。,官方式样页已核_样图已辨认,2012年启用版电子普通护照；2014年启用版电子往来港澳通行证；2016年12月启用版电子往来台湾通行证；页面发布日2019-12-26,护照封面与资料页（页面图注称“内页”）；往来港澳通行证正面与反面；往来台湾通行证正面与反面,护照资料页：上部“中华人民共和国／护照 PASSPORT”；右上区一行“类型／Type P、国家码／Country Code CHN、护照号码／Passport No.”；中部左侧为“姓名／Name”（中文姓名加拼音大写）、“性别／Sex”与“国籍／Nationality”同排、“出生日期／Date of birth”、“出生地点／Place of birth”与“签发日期／Date of issue”同排、“签发地点／Place of issue”与“有效期至／Date of expiry”同排、“签发机关／Authority”、“持照人签名／Bearer's signature”；资料页左侧为持照人照片、右侧为第二张（幽灵）照片、底部为两行机读码。通行证正面（港澳与台湾字段分组一致）：左上为红蓝标徽与证件名称，右上为证件号码；“姓名（中文加拼音大写）／出生日期／性别／有效期限／签发机关／签发地点”自上而下成组；左侧持证人照片、右侧第二张照片、底部一行机读码。通行证反面：港澳为“往来香港签注”“往来澳门签注”上下两个签注块、台湾为“前往台湾签注”一个签注块，每块含“种类／有效期／备注（港澳）／二维码／小字编号”，两者底部均有“预存指纹信息（…），可按规定自助通关”提示。,2026-10-07,HTTP 200,发布主体为官方机构：国家移民管理局；URL 主机属官方渠道：www.nia.gov.cn；核查状态不含出处未定标记：官方式样页已核_样图已辨认；原记录未载明链接无法取得正文,0,codex-20261007-v3,,,,,,,,
S101,index_published,C06,中华人民共和国普通签证（外国人来华签证）,中华人民共和国外交部领事服务网,来华签证简介,"[""https://cs.mfa.gov.cn/wgrlh/lhqz/lhqzjj_660596/""]",外交部政策说明页,页面未显示发布日期（站内路径为201311）,2026-10-04,①普通签证类别表共16个字母类别：C、D、F、G、J1、J2、L、M、Q1、Q2、R、S1、S2、X1、X2、Z，并逐类写明申请人范围；F为入境从事交流、访问、考察等活动的人员，L为入境旅游人员，M为入境进行商业贸易活动的人员，Q2为入境短期（不超过180日）探亲的亲属，X1为在中国境内长期（超过180日）学习的人员。②签发机关：驻外使馆、领馆或外交部委托的其他驻外机构负责境外签发；符合条件者可在国务院批准的口岸向公安部委托的口岸签证机关申请口岸签证。③入境有效期（enter before）自签发之日起生效，于有效期满当日北京时间24时失效；入境次数用完或过期即为失效签证；停留期自入境次日开始计算。④持D、J1、Q1、S1、X1字签证入境后，应自入境之日起30日内向拟居留地县及以上公安机关出入境管理机构办理居留证件。,各类别的有效期天数与停留期限天数（本页与S102均表明由签证机关按个案决定）；签证贴纸的字段位置、尺寸与防伪；类别总数须与法规原文S110并列使用。,页面已核_版式待核,现行版（页面为现行发布）；类别与S110法规第六条一致,不适用（文字说明，无样图）,无字段位置；已核16个类别代号与申请人范围、有效期／入境次数／停留期的定义、口岸签证与驻外签发机关、居留证件办理时限。,2026-10-07,HTTP 200,发布主体为官方机构：中华人民共和国外交部领事服务网；URL 主机属官方渠道：cs.mfa.gov.cn；核查状态不含出处未定标记：页面已核_版式待核；原记录未载明链接无法取得正文,0,codex-20261007-v3,,,,,,,,
S102,index_published,C06,中华人民共和国普通签证（F／L／M／Q2／X1等类别）,中华人民共和国驻瑞典大使馆,申请办理中华人民共和国签证须知（2026年5月25日更新）,"[""https://se.china-embassy.gov.cn/lsfw/lszj/fhqz_143868/qzxz_144199/202506/t20250612_11647247.html""]",驻外签证机关办事须知,2026-05-25（页面标注“2026年5月25日更新”）,2026-10-04,①基本申请材料要求护照有效期6个月以上、有空白签证页，且“中国签证有效期加停留期不超过护照有效期”；②第五部分特别提示（二）：领事官员根据申请人的具体情况决定是否颁发签证及签证的有效期、停留期限和入境次数——即各类别不存在公开的固定有效期与停留天数；③按类别给出支持性材料：F为境内邀请函件，L为行程材料或邀请函，M为商务活动文件或交易会请柬，Q2为邀请函件与亲属关系证明，X1为录取通知书与JW201／JW202表；④M类曾多次持用者可申请1年以上多次签证；Q2类能提供关系证明者可申请3年以上多次签证；S2类可申请有效期不超过邀请人在华停留期限的多次S2签证，其他私人事务可申请1年以上多次签证；⑤X1、Q1、S1等入境后须在30日内办理居留证件。,任何类别的固定有效期或停留期限数值；签证贴纸的字段名与位置；本使馆口径不必然等同其他驻外机构或口岸签证机关的个案口径。,页面已核_版式待核,2026-05-25更新版,不适用（文字说明，无样图）,无字段位置；已核“有效期加停留期不超过护照有效期”与“有效期／停留期限／入境次数由领事官员决定”两条规则。,2026-10-07,HTTP 200,发布主体为官方机构：中华人民共和国驻瑞典大使馆；URL 主机属官方渠道：se.china-embassy.gov.cn；核查状态不含出处未定标记：页面已核_版式待核；原记录未载明链接无法取得正文,0,codex-20261007-v3,,,,,,,,
S103,index_published,C04,中华人民共和国普通护照（电子普通护照）,中华人民共和国外交部领事服务网（另有驻保加利亚使馆等同文件）,护照图文介绍（PDF附件）,"[""https://cs.mfa.gov.cn/zggmcg/hz/hzjj_660445/201311/P020230710369098413130.pdf""]",主管机构图文说明PDF（内嵌图片已用PyMuPDF导出并逐张辨认）,站内路径201311；PDF文件上传2023-07-10；驻外使馆同文件版本于2024-11-14上传,2026-10-04,①普通电子护照规格125毫米×88毫米、共48页、封皮枣红色；②页码结构：第2页为资料页（覆膜、膜有编号，下方为国际标准机读码），第3页为请求页，第4—7页为备注页，第8—46页为签证页，第47页为应急资料页，第48页为注意事项页，封三为电子护照使用提示（内嵌非接触式集成电路芯片）；③护照内印制以“辉煌中国”为主题的图案元素，逐项列出37项（天安门、北京故宫、天津海河、河北山海关、山西壶口瀑布、内蒙古呼伦贝尔草原、辽宁星海广场、吉林雾凇、黑龙江太阳岛、上海陆家嘴、江苏苏州园林、浙江西湖、安徽黄山、福建武夷山、江西井冈山、长城、山东泰山、河南龙门石窟、湖北三峡大坝、湖南张家界、广东丹霞山、广西漓江、海南海岛椰林、重庆夔门、四川都江堰、贵州黄果树瀑布、云南石林、西藏布达拉宫、陕西兵马俑、甘肃敦煌莫高窟、青海西藏铁路、宁夏沙湖、新疆丝绸之路、台湾日月潭、香港维多利亚港、澳门西湾大桥、天坛）；④自第EF6000001号电子普通护照起，境内签发机关名称由“公安部出入境管理局”调整为“中华人民共和国国家移民管理局”，PDF第18页附“电子普通护照签发机关名称调整图例说明（2019年2月）”调整前／后资料页对照图；⑤第3页印有持照人彩色照片和含个人信息的防伪二维码（第15页第3条），内页在荧光灯下可见以中国画“千里江山图”为主题的防伪图案（第15页第5条）。,签证页页码与具体图案的逐页对应（PDF只给主题清单与第20、21页一处跨页示例图）；字号、精确坐标与防伪工艺细节；资料页字段的印刷细节须以S033、S100为准；该材料未标注版本号，为2013年上线后局部更新。,官方式样页已核_样图已辨认,2012年启用版电子普通护照；材料内含2019年2月的调整说明,资料页、请求页、签证页跨页示例（第20、21页）、签发机关调整前后资料页对照,签证页跨页样图：橙黄色页码（左页20、右页21）位于页面上外侧，页面上外侧另有一个含中文小字与“VISA”字样的小方框（分辨率所限未逐字辨认），整页为淡色风景底纹。调整前后资料页对照图显示出“签发机关名称”与护照号码变化，其余字段排布一致。,2026-10-07,HTTP 206,发布主体为官方机构：中华人民共和国外交部领事服务网（另有驻保加利亚使馆等同文件）；URL 主机属官方渠道：cs.mfa.gov.cn；核查状态不含出处未定标记：官方式样页已核_样图已辨认；原记录未载明链接无法取得正文,0,codex-20261007-v3,,,,,,,,
S104,index_published,C13,中华人民共和国机动车驾驶证,公安部（现行文本由北京市公安局公安交通管理局网站公布）,《机动车驾驶证申领和使用规定》（公安部令第172号）,"[""https://jtgl.beijing.gov.cn/jgj/jgxx/flfg/gabgz/543498902/index.html""]",部门规章现行文本（含附件1至附件3下载）,修改决定2024-12-21公布、2025-01-01施行；附件下载时间戳2024-12-31,2026-10-04,①现行文本为公安部令第172号，即对《机动车驾驶证申领和使用规定》作修改后重新公布，自2025-01-01施行；②第十二条记载和签注内容与S041一致：驾驶人信息为姓名、性别、出生日期、国籍、住址、身份证明号码（机动车驾驶证号码）、照片；车辆管理所签注内容为初次领证日期、准驾车型代号、有效期限、核发机关印章、档案编号、准予驾驶机动车听力辅助条件；③第十三条有效期分为六年、十年和长期；第六十二条换发规则：六年有效期内每个记分周期均未记满12分的换发十年，十年有效期内每个记分周期均未记满12分的换发长期；④第十四条年龄条件（172号令修改后）：小型汽车、小型自动挡汽车、残疾人专用小型自动挡载客汽车、轻便摩托车18周岁以上；普通三轮摩托车、普通二轮摩托车18周岁以上70周岁以下；轻型牵引挂车20周岁以上70周岁以下；低速载货汽车、三轮汽车、轮式专用机械车18周岁以上63周岁以下；城市公交车、中型客车、大型货车、无轨电车或有轨电车20周岁以上63周岁以下；大型客车、重型牵引挂车22周岁以上63周岁以下；接受全日制驾驶职业教育的学生申请大型客车、重型牵引挂车19周岁以上63周岁以下；⑤第六十五条63周岁以上不得驾驶大型客车、重型牵引挂车、城市公交车、中型客车、大型货车、轮式专用机械车、无轨电车和有轨电车；⑥第一百零七条式样由公安部统一制定并监制，制作按公共安全行业标准《中华人民共和国机动车驾驶证件》执行；⑦附件1《准驾车型及代号》共17类（A1、A2、A3、B1、B2、C1、C2、C3、C4、C5、C6、D、E、F、M、N、P）并列出各类准予驾驶的其他准驾车型；⑧第六十一条规定驾驶证电子化，电子版与纸质版具有同等效力。,驾驶证主页与副页的字段位置、字号与防伪（GA 482-2026全文不公开）；有效期限字段在页面上的印刷格式（是否起止两日期并列）；档案编号的位数与规则；主页与副页各载哪些项目。,页面已核_版式待核,公安部令第172号（2025-01-01施行）；证件制作标准GA 482-2026（2026-06-01实施）,不适用（规章文本与附件表格，无样图）,无字段位置；已核记载与签注项目、有效期三档与换发规则、申请年龄条件、准驾车型及代号17类。,2026-10-07,HTTP 206,发布主体为官方机构：公安部（现行文本由北京市公安局公安交通管理局网站公布）；URL 主机属官方渠道：jtgl.beijing.gov.cn；核查状态不含出处未定标记：页面已核_版式待核；原记录未载明链接无法取得正文,0,codex-20261007-v3,,,,,,,,
S105,index_published,C13,中华人民共和国机动车驾驶证件（公共安全行业标准）,公安部标准化信息服务平台,中华人民共和国机动车驾驶证件 GA 482-2026（标准状态页，S005复核）,"[""https://ywtb.mps.gov.cn/gabzh/portal/stdDetail/320401""]",标准状态页,2026-01-09发布、2026-06-01实施,2026-10-04,复核S005：GA 482-2026状态栏显示“现行”；“废止”栏无日期，未见废止信息；基础信息栏注明制修订为“修订”、代替标准GA 482-2012、技术归口全国道路交通管理标准化技术委员会、起草单位公安部道路交通安全研究中心、中国标准分类号A 90、国际标准分类号13.310、计划号2023BZ122；页面“目录”仅有标准状态、基础信息、起草单位、起草人四节，未提供标准正文。,标准正文的字段、尺寸、版式与防伪要求；正文获取途径（页面“点击查看标准全文”未给出可公开下载的正文）。,页面已核_版式待核,GA 482-2026（2026-06-01实施），代替GA 482-2012,不适用（状态页，无样图）,无。,2026-10-07,HTTP 200,发布主体为官方机构：公安部标准化信息服务平台；URL 主机属官方渠道：ywtb.mps.gov.cn；核查状态不含出处未定标记：页面已核_版式待核；原记录未载明链接无法取得正文,0,codex-20261007-v3,,,,,,,,
S106,index_published,C05,卡式往来港澳通行证及其签注,国家移民管理局,往来港澳通行证和签注签发服务指南（2026-10-04复核并补录）,"[""https://www.nia.gov.cn/n741440/n741587/n1316094/n1355872/c1559612/content.html""]",主管机构办事指南,页面未显示发布日期；本次访问为现行版,2026-10-04,①往来港澳通行证有效期分5年（发给申请时未满16周岁的申请人）与10年（发给申请时16周岁含以上的申请人）；②签注7类：探亲T、商务S、团队旅游L、个人旅游G、逗留D、人才R、其他Q；③各类签发次数与每次逗留上限：探亲T探望兄弟姐妹或（外）祖父母或（外）孙子女为3个月一次、逗留不超过14天，探望配偶或父母或配偶的父母或子女或子女的配偶为3个月多次、逗留不超过首次进入之日起90天，申请人60周岁含以上或探望配偶且有未成年子女或经省级核准的特殊家庭困难可签1年多次、每次不超过90天；商务S已备案企业机构人员可签3个月一次、3个月多次或1年多次，每次不超过7天，未备案人员及个体工商户签3个月一次且不超过7天，驾驶往返广东与港澳专用交通工具人员可签3个月多次或1年多次且每次不超过7天；团队旅游L赴香港可签3个月一次、3个月二次、1年一次、1年二次，每次不超过7天（特别情形可签3个月一次且不超过3天），赴澳门可签3个月一次、1年一次，每次不超过7天；个人旅游G赴香港签3个月一次、3个月二次、1年一次、1年二次，符合试点条件的可签1年多次，每次不超过7天，赴澳门签3个月一次、1年一次且不超过7天；逗留D按香港进入许可或澳门主管部门批准期限签发多次签注；人才R杰出人才5年多次、科研文教卫健人才3年多次、法律及其他类人才1年多次，每次不超过30天；其他Q可签3个月一次、3个月二次，特殊情形可签3个月多次，每次不超过14天；④收费标准：往来港澳通行证每证60元，一次签注15元、二次签注30元、短期（不超过一年）多次签注80元，一年以上两年以下多次120元，两年以上三年以下多次160元，三年以上多次240元；⑤换发情形含证件有效期不足6个月或短于拟申请签注有效期。,卡面与背面签注块的版式、坐标、字号与防伪；签注编号规则；本页已于2026-10-02由S055记录，本行为2026-10-04复核并补录各类签注的签发次数与逗留上限，两行共用同一页面。,页面已核_版式待核,现行指南（2026-10-07访问版）,不适用（文字指南，无样图）,无字段位置；已核有效期与申请年龄的对应、签注7类及各类签发次数与每次逗留上限。,2026-10-07,HTTP 200,发布主体为官方机构：国家移民管理局；URL 主机属官方渠道：www.nia.gov.cn；核查状态不含出处未定标记：页面已核_版式待核；原记录未载明链接无法取得正文,0,codex-20261007-v3,,,,,,,,
S107,index_published,C05,卡式往来台湾通行证及其签注,国家移民管理局,大陆居民往来台湾通行证和签注签发服务指南（2026-10-04复核并补录）,"[""https://www.nia.gov.cn/n741440/n741587/n1316094/n1355872/c1356395/content.html""]",主管机构办事指南,页面未显示发布日期；本次访问为现行版,2026-10-04,①往来台湾通行证有效期分10年（签发给已满16周岁的大陆居民）与5年（签发给未满16周岁的大陆居民）；②签注9类：团队旅游L、个人旅游G、探亲T、定居D、应邀Y、商务F、学习X、乘务C、其他Q；③各类签注有效期：团队旅游L可签6个月一次有效（赴台旅游组团社领队可签最长1年且不超过领队证有效期的多次有效签注）；个人旅游G签6个月一次；探亲T按入台许可期限与有效次数签6个月一次或1年、2年、3年多次；定居D签6个月一次；应邀Y按“赴台批件”签6个月一次或6个月、1年、2年、3年多次；商务F按“赴台立项批复”签6个月一次或6个月、1年、2年、3年多次；学习X按赴台学习证明载明的学制签发相应多次有效签注；乘务C签1年、2年或3年多次；其他Q签6个月一次或1年多次；④附录4常见问题解答第十一条：电子往来台湾通行证启用后，签发给已满16周岁居民的有效期从5年延长为10年、未满16周岁仍为5年；签注直接打印在证件背面、可重复擦写；留存指纹可按规定自助通关；⑤收费标准：电子往来台湾通行证60元每张，一次签注15元每件、多次签注80元每件；⑥附录4第三条与第三条释义：赴台个人旅游自2019-08-01起全面暂停受理（原开放47个城市）。,背面签注区的版式、坐标与字号（样图见S100）；商务签注代号在本指南作F，而S100（2019年手册）作S，两处口径不一致，本次不判定孰是；本页已于2026-10-02由S057记录，本行为2026-10-04复核并补录各类签注的有效期，两行共用同一页面。,页面已核_版式待核,现行指南（2026-10-07访问版，卡式电子证）,不适用（文字指南，无样图）,无字段位置；已核有效期与年龄的对应、签注9类与各类签注有效期档。,2026-10-07,HTTP 200,发布主体为官方机构：国家移民管理局；URL 主机属官方渠道：www.nia.gov.cn；核查状态不含出处未定标记：页面已核_版式待核；原记录未载明链接无法取得正文,0,codex-20261007-v3,,,,,,,,
S108,index_published,C12,普通话水平测试等级证书（纸质与电子）,教育部（中国政府网国务院部门文件）,普通话水平测试管理规定（教育部令第51号）,"[""https://www.gov.cn/zhengce/zhengceku/2021-12/09/content_5659561.htm""]",部门规章,2021-11-27公布、2022-01-01施行,2026-10-04,①第十四条：普通话水平等级分为三级，每级分为甲、乙两等；一级甲等须经国家测试机构认定，一级乙等及以下由省级测试机构认定；应试人测试成绩达到等级标准，由国家测试机构颁发相应的等级证书；证书全国通用；②第十五条：等级证书分纸质证书与电子证书，二者具有同等效力；纸质证书由国务院语言文字工作部门统一印制；电子证书执行《国家政务服务平台标准》中关于普通话水平测试等级证书电子证照的行业标准；纸质证书遗失不予补发；③第三条：国务院语言文字工作部门发布测试等级标准和测试大纲。,各等级的分数区间（等级标准另行发布，本次未取得）；纸质证书内页的字段排布与版式；电子证书需登录国家政务服务平台查看，本次未取，标“不能验证”。,页面已核_版式待核,2022-01-01施行版（现行）,不适用（规章文本，无样图）,无字段位置；已核等级划分与认定单位对应关系（一级甲等＝国家测试机构认定；一级乙等及以下＝省级测试机构认定）。,2026-10-07,HTTP 200,发布主体为官方机构：教育部（中国政府网国务院部门文件）；URL 主机属官方渠道：www.gov.cn；核查状态不含出处未定标记：页面已核_版式待核；原记录未载明链接无法取得正文,0,codex-20261007-v3,,,,,,,,
S109,index_published,C04,中华人民共和国电子普通护照,国家移民管理局政务服务平台,普通护照签发服务指南,"[""https://s.nia.gov.cn/mps/bszy/gmcrg/slpthz/201903/t20190313_1011.html""]",主管机构办事指南,页面路径2019-03-13；页面为现行版,2026-10-04,①电子普通护照有效期：护照持有人未满16周岁的为5年，16周岁以上的为10年（附录4常见问题解答十一）；②换发情形：签证页即将使用完毕、有效期不足六个月或有效期在六个月以上但有材料证明该有效期不符合前往国要求、户口簿姓名等身份信息变化或申请人面像变化较大、手指伤病痊愈后可采集指纹等；③收费标准：护照120元每本；④办理时现场采集指纹信息，申请人当场签名并由签发机关将签名信息扫描至资料页；⑤护照加注情形：有曾用名、繁体汉字姓名、外文姓名、多音字姓名或非标准汉语拼音姓名的。,资料页字段位置（以S033、S100、S103为准）；内页图案与版式；本页为办事指南，不含法律条文原文，如需引用《护照法》条文须另取。,页面已核_版式待核,2019-03-13发布页面；现行,不适用（办事指南，无样图）,无字段位置；已核有效期与持照人年龄的对应（未满16周岁5年、16周岁以上10年）。,2026-10-07,HTTP 206,发布主体为官方机构：国家移民管理局政务服务平台；URL 主机属官方渠道：s.nia.gov.cn；核查状态不含出处未定标记：页面已核_版式待核；原记录未载明链接无法取得正文,0,codex-20261007-v3,,,,,,,,
S110,index_published,C06,中华人民共和国普通签证（类别总数与停留期限定义的回核）,国务院（国家移民管理局网站发布文本）,中华人民共和国外国人入境出境管理条例（2026-10-04回核S058）,"[""https://www.nia.gov.cn/n741440/n741547/c1014161/content.html""]",行政法规现行文本,2013-07-12公布、2013-09-01施行,2026-10-04,回核S058的类别总数：第六条以12项列举普通签证类别，并规定“在签证上标明相应的汉语拼音字母”，合计16个字母类别：C、D、F、G、J1、J2、L、M、Q1、Q2、R、S1、S2、X1、X2、Z；其中“以团体形式入境旅游的，可以签发团体L字签证”写在L字签证项内，团体L不另计类别数；第六条同时给出各类别签发对象，第七条给出各类别申请材料，第九条要求对入境后需要办理居留证件的在签证上注明办理时限；第三十六条给出定义：入境次数，入境有效期（非经签发机关注明，自签发之日起生效，于有效期满当日北京时间24时失效），停留期限（自入境次日开始计算），短期＝在中国境内停留不超过180日（含180日），长期、常驻＝在中国境内居留超过180日；第三十八条签证的式样由外交部会同公安部规定。,签证贴纸的字段名与位置（第三十八条只说式样由外交部会同公安部规定，公开渠道未见式样全文）；各类别的固定有效期与停留天数（条例未作规定）；本页与S058为同一页面，本行为2026-10-04专项回核。,页面已核_版式待核,2013-09-01施行版（现行）；与S058同一页面,不适用（行政法规文本，无样图）,无字段位置；已核类别总数16、类别字母须在签证上标明、短期与长期的天数界线与三项定义。,2026-10-07,HTTP 200,发布主体为官方机构：国务院（国家移民管理局网站发布文本）；URL 主机属官方渠道：www.nia.gov.cn；核查状态不含出处未定标记：页面已核_版式待核；原记录未载明链接无法取得正文,0,codex-20261007-v3,,,,,,,,
S130,index_published,C19,不动产权证书（空白模板样本）,北京市规划和自然资源委员会（市级自然资源主管部门）,不动产权证书、不动产登记证明模板,"[""https://ghzrzyw.beijing.gov.cn/zhengwuxinxi/zxzt/zxzt_xzzfgs/xzzfgs_szgs/szgs_xzzfwsys/202003/t20200318_1721214.html""]",政府官网公开的空白样本（PDF 内嵌整页图版）,2024-04-23（页面标注日期）,2026-10-04,该页提供不动产权证书（8 页）与不动产登记证明（2 页）的空白样本 PDF；实际下载并逐页渲染阅读后，可见封面、装饰扉页、宣告页（“根据《中华人民共和国民法典》等法律法规……经审查核实，准予登记，颁发此证。”、“登记机构（章）”、“年　月　日”、“中华人民共和国自然资源部监制”、“编号 No 00123456789”，样本图上叠印红色“样本”二字）与登记事项表（权利人／共有情况／坐落／不动产单元号／权利类型／权利性质／用途／面积／使用期限／权利其他状况，表头“（　　）不动产权第　号”）及“附记”页,不给证书实物的字号、印刷尺寸与防伪工艺描述；样本的“编号 No 00123456789”与表头活字属模板示例值，不能当编号规则；市级发布页不等于部级统一样式文件；未见旧式房屋所有权证,官方样本图已辨认,含“样本”叠印的现行空白模板（发布日 2024-04-23）,封面、装饰扉页、宣告页（内页）、登记事项表（内页）、附记页,已核字段与位置：权利人（内页表格第 1 行）／共有情况（第 2 行）／坐落（第 3 行）／不动产单元号（第 4 行）／权利类型（第 5 行）／权利性质（第 6 行）／用途（第 7 行）／面积（第 8 行）／使用期限（第 9 行）／权利其他状况（末行，标签竖排）；宣告页：登记机构（章）＋年　月　日、中华人民共和国自然资源部监制、编号,2026-10-07,HTTP 200,发布主体为官方机构：北京市规划和自然资源委员会（市级自然资源主管部门）；URL 主机属官方渠道：ghzrzyw.beijing.gov.cn；核查状态不含出处未定标记：官方样本图已辨认；原记录未载明链接无法取得正文,0,codex-20261007-v3,,,,,,,,
S131,index_published,C17,《食品经营许可证》式样调整内容（公告附件，docx 内嵌 2 张 JPEG 图）,国家市场监督管理总局（中国政府网发布的公告附件文件）,《食品经营许可证》式样调整内容,"[""https://www.gov.cn/zhengce/zhengceku/2019-11/08/5450165/files/b8e9b2f234fd4dc0a1aea9f19dbd9cb2.docx""]",部级公告附件（式样文件；内嵌式样图）,2019-03-21 随公告发布；2019-06-01 起调整,2026-10-04,实际下载该 docx 并用 zip 解包提取 word/media/image1.jpeg（正本）、image2.jpeg（副本）后逐图辨认：正本为金黄色书法体“食品经营许可证”标题居中、标题上方为中华人民共和国国徽；左栏自上而下为经营者名称、社会信用代码（身份证号码）、法定代表人（负责人）、住所、经营场所、主体业态、经营项目；右栏自上而下为许可证编号、日常监督管理机构、日常监督管理人员、投诉举报电话（显示 12315）、发证机关、签发人、年 月 日；左下为有效期至　年　月　日；下部中央偏右为二维码；底部署“国家市场监督管理总局监制”。副本与正本不同：标题同为金黄色但位于左上、其下加“（副本）”、副本上方未见国徽，右侧为“说 明”整栏共 7 条，正本右栏六项标签与“年 月 日”被下移到说明栏下方。图上红色编辑标记只有两处：12315 被红框圈出；底部监制行同时出现“国家食品药品监督管理总局监制”（被红框圈出）与“国家市场监督管理总局监制”。,所见图带红色编辑标记，属调整对照图，不能据此认定最终印制版不含该标记；不给出字号、字体与防伪底纹的官方描述；许可证编号位数与构成规则未规定；只能支持该附件版本（2019 调整版）；2026-10-04 订正：本行原记的“标题上方叠印调整（2019年6月1日起）”经复核图上未见，已删；原记“正副本均为红字居中标题、上方国徽”亦已按实际所见改写。,官方式样附件图已辨认,2019-06-01 起调整版,正本、副本（两图）,正本左栏＝经营者名称（第1行）／社会信用代码（身份证号码）（第2行）／法定代表人（负责人）（第3行）／住所（第4行）／经营场所（第5行）／主体业态（第6行）／经营项目（第7行）；右栏＝许可证编号（第1行）／日常监督管理机构（第2行）／日常监督管理人员（第3行）／投诉举报电话（第4行，12315）／发证机关（第5行）／签发人（第6行）／年 月 日；左下＝有效期至　年　月　日；下部＝二维码；底部＝国家市场监督管理总局监制。副本：左栏字段同构，但标题在左上且无国徽，右栏六项与签发日期下移至“说明”栏下方（相对位置与正本不同，需分开记录）,2026-10-07,HTTP 206,发布主体为官方机构：国家市场监督管理总局（中国政府网发布的公告附件文件）；URL 主机属官方渠道：www.gov.cn；核查状态不含出处未定标记：官方式样附件图已辨认；原记录未载明链接无法取得正文,0,codex-20261007-v3,,,,,,,,
S132,index_published,C17,市场监管总局关于调整《食品经营许可证》式样部分内容的公告（2019年第14号）,国家市场监督管理总局（中国政府网发布）,市场监管总局关于调整《食品经营许可证》式样部分内容的公告,"[""https://www.gov.cn/zhengce/zhengceku/2019-11/08/content_5450165.htm""]",部级公告（国务院部门文件栏目）,2019-03-21 发布；2019-06-01 起调整,2026-10-04,自 2019-06-01 起调整《食品经营许可证》式样部分内容：一、正本、副本中的监制部门由“国家食品药品监督管理总局”调整为“国家市场监督管理总局”；二、副本格式说明内容中第 5 条修改为“食品经营者应当接受市场监督管理部门的监督管理”；三、正本、副本中的投诉举报电话内容修改为“12315”；四、2019-06-01 前已取得的原式样许可证在有效期内继续有效。页面并给出式样调整内容的附件链接,公告只写调整点，不列完整字段与版式；完整式样在附件内（另见 S131）；不给字号、尺寸与防伪说明；编号规则未规定,页面已核_版式待核,2019-06-01 起调整版,不适用（无图，为公告正文）,已核三项调整点的文字表述与生效时间；字段与位置见 S131,2026-10-07,HTTP 200,发布主体为官方机构：国家市场监督管理总局（中国政府网发布）；URL 主机属官方渠道：www.gov.cn；核查状态不含出处未定标记：页面已核_版式待核；原记录未载明链接无法取得正文,0,codex-20261007-v3,,,,,,,,
S133,index_published,C19,《不动产权证书》内页重点内容填写释义,安康市自然资源局（市级自然资源主管部门；正文为对部级填写说明的释义）,不动产权证书内页样式、内页填写规范,"[""https://zrzy.ankang.gov.cn/Content-158625.html""]",市级自然资源主管部门官网发布的填写释义,未标注（正文称不动产权证书自 2015-03-01 启用）,2026-10-04,十条填写释义：权利人（共有不动产分别持证时权利人栏填持证人、其余共有人在“权利其他状况”栏记载；宅基地与家庭承包共有不动产权利人栏填户主姓名）／共有情况（单独所有、共同共有或按份共有及比例）／坐落（街道名称、门牌号、幢号、楼层号、房号等）／不动产单元号分四段（行政区划、地籍区和地籍子区、宗地号、定作物编码）／权利类型（涉及两种权利用“/”分开）／权利性质（国有土地填出让、划拨、作价出资（入股）、租赁、授权经营等；房屋填房屋性质）／用途（土地按《土地利用现状分类》填二级分类）／面积（土地／房屋面积用“/”分开）／使用期限（只填土地使用权起止日期；划拨、宅基地等未明确期限的不填）／权利其他状况（与权利类型栏对应）,不给证书版面图像、字段相对位置、字号；该页为市级自然资源部门对填写说明的释义，填写说明本身的部级原文未取得；不涉及旧式房屋所有权证,官方文字已核（字段含义与填写规则）_版式待核,2015-03-01 启用版内页填写口径,不适用（无图）,已核字段名与填写规则（位置待核）：权利人／共有情况／坐落／不动产单元号／权利类型／权利性质／用途／面积／使用期限／权利其他状况,2026-10-07,HTTP 206,发布主体为官方机构：安康市自然资源局（市级自然资源主管部门；正文为对部级填写说明的释义）；URL 主机属官方渠道：zrzy.ankang.gov.cn；核查状态不含出处未定标记：官方文字已核（字段含义与填写规则）_版式待核；原记录未载明链接无法取得正文,0,codex-20261007-v3,,,,,,,,
S134,index_published,C07,“中华人民共和国社会保障卡”管理办法（人社部发〔2011〕7号）,人力资源和社会保障部（北京市人民政府门户网站转载）,关于印发“中华人民共和国社会保障卡”管理办法的通知,"[""https://www.beijing.gov.cn/zhengce/zhengcefagui/qtwj/201104/t20110420_781258.html""]",部级部门规范性文件（省级政府门户转载全文）,2011-04-20 印发,2026-10-04,第九条：社会保障卡采用全国统一的卡面样式，正面印有“中华人民共和国社会保障卡”字样，背面印有持卡人姓名、社会保障号码、持卡人照片、发卡单位等信息；第七条：申请发行须提交按统一要求设计的卡面样式；第八条：变更卡面须报人力资源社会保障部信息化领导小组办公室重新审批；第十条：卡面印刷、卡内文件结构划分、控制密钥加载、个性化信息写入由省级社保卡发行管理机构统一组织；第三十三条：卡面样式等由部信息化领导小组办公室另行规定,不给卡面图像、字号与字段相对位置；该办法为 2011 年口径，第三代社保卡推广后卡面是否按该办法的“全国统一样式”更新，未取得部级现行卡面式样文件；转载页不等于部级发文原件,页面已核_版式待核,2011 年管理办法口径；第三代卡面另行规定，未取得,不适用（无图）,已核字段名（位置待核）：中华人民共和国社会保障卡（正面）；持卡人姓名／社会保障号码／持卡人照片／发卡单位（背面）,2026-10-07,HTTP 200,发布主体为官方机构：人力资源和社会保障部（北京市人民政府门户网站转载）；URL 主机属官方渠道：www.beijing.gov.cn；核查状态不含出处未定标记：页面已核_版式待核；原记录未载明链接无法取得正文,0,codex-20261007-v3,,,,,,,发布机构字段显示该文本由其他官方渠道转载／转述；公开的是该官方渠道页面，不据此宣称原始发布渠道已核实。,
S135,identifier_only,C07,,,,,,,,,,,,,,2026-10-07,no_public_url,,,codex-20261007-v3,部级部门文件（部机关官网）,自 2021 年起全国所有地区新发、补领、换领社保卡全部采用支持 SM 系列算法的第三代社保卡；2020 年底前完成第三代社保卡发行准备；第三代社保卡技术规范为银办发〔2017〕170号《具有金融功能的第三代社会保障卡技术规范》与人社网信函〔2018〕1号《关于印发第三代社会保障卡相关技术规范的通知》；原则上第三代社保卡由全省统一组织发行、统一规范卡面设计；强化“主要功能、标准规范、密钥体系、管理主体”四个不变原则,泛函式的规范性表述；不给卡面图像、字段名称、字号与相对位置；所引技术规范（银办发〔2017〕170号、人社网信函〔2018〕1号）未公开，卡面式样不能据本文件确认,2026-10-04,人力资源社会保障部办公厅 中国人民银行办公厅关于推广应用具有金融功能的第三代社会保障卡的通知（人社厅发〔2020〕101号）,URL 主机不属发布机构自有官方域（第三方平台/媒体/商业索引站）；其中 1 个第三方主机链接不公开,,
S136,index_published,C07,社会保障卡的卡面包括哪些要素？（省级问答）,四川省人力资源和社会保障厅（省级人力资源社会保障部门）,社会保障卡的卡面包括哪些要素？,"[""https://rst.sc.gov.cn/rst/wtjd/2020/11/23/8198cc401f1c44f9be45e4d1af82c9b4.shtml""]",省级人社部门官网政策问答（转载）,2020-11-23,2026-10-04,正面包括国徽、卡名“中华人民共和国社会保障卡”与隐蔽磁条；第二代背面包括发卡机构标识、银联标识、持卡人个人信息、持卡人相片、芯片、人力资源社会保障部门印章、银行卡卡号、服务电话；第三代背面进一步增加非接触读卡标识与防伪折光水印,答复为省级窗口口径，不给字段排布与相对位置，无样图；不能直接当作全国统一卡面式样；第三代所述要素与该省实际版式是否一致未核,官方文字已核（省级转载口径）_版式待核,第二代作对照；第三代为目标版本,不适用（无图）,已核字段名（位置待核）：正面＝国徽／中华人民共和国社会保障卡／隐蔽磁条；背面＝发卡机构标识／银联标识／持卡人个人信息／持卡人相片／芯片／人力资源社会保障部门印章／银行卡卡号／服务电话／（第三代另含）非接触读卡标识／防伪折光水印,2026-10-07,HTTP 200,发布主体为官方机构：四川省人力资源和社会保障厅（省级人力资源社会保障部门）；URL 主机属官方渠道：rst.sc.gov.cn；核查状态不含出处未定标记：官方文字已核（省级转载口径）_版式待核；原记录未载明链接无法取得正文,0,codex-20261007-v3,,,,,,,,
S137,index_published,C03,关于使用新式婚姻登记证书等问题的通知（吉民发〔2004〕7号）,吉林省民政厅（省级民政部门官网）,关于使用新式婚姻登记证书等问题的通知,"[""https://mzt.jl.gov.cn/mztyw_74291/shsw/fgwj/201911/t20191107_6133667.html""]",省级民政部门文件（含民政部办公厅《民办函〔2003〕166号》的转述）,2004-01-17 发文,2026-10-04,新式婚姻登记证分结婚证、离婚证两类：封面枣红色，结婚证封面烫金、离婚证封面烫银；为便于计算机打印由竖排版改为横排版；证件内盖“中华人民共和国民政部监制”印章；内芯采用 100 克定向定位安全伪水印（币）纸、水印图案为双喜；封皮采用进口红宝石 12 系列 210 克充皮纸，内含无色荧光“中华人民共和国婚姻证书”、英文“MPR CHINA”及圆形“双喜”字样；内芯由民政部指定中国印钞造币总公司统一印制、封皮指定厂家统一印制合成，省民政厅统一管理；新证自 2004-01-01 启用，2004-07-01 起全国停止使用旧证；全国统一编号（证件印制号）由民政部按内芯编号分段发给各省,不给内页版式图与字段位置；为省级转述民政部办公厅文件，部级原文未取得；2004 年口径的封面颜色、材质与防伪描述在该版之后是否改版未核；未含内页填写的字号与法律依据表述,官方文字已核（省级转述）_版式待核,2004-01-01 启用版（其后是否改版待核）,不适用（无图，为式样说明）,已核式样说明：封面颜色与烫印工艺／横排版／民政部监制印章／内芯纸张与水印图案／封皮荧光字样；字段位置均在待核,2026-10-07,HTTP 206,发布主体为官方机构：吉林省民政厅（省级民政部门官网）；URL 主机属官方渠道：mzt.jl.gov.cn；核查状态不含出处未定标记：官方文字已核（省级转述）_版式待核；原记录未载明链接无法取得正文,0,codex-20261007-v3,,,,,,,,
S138,identifier_only_pending,C03,,,,,,,,,,,,,,2026-10-07,HTTP 206,,,codex-20261007-v3,部级文件（仅经省级文件转述，部级原文未直接取得）,记录“就启用新式婚姻登记证等问题民政部办公厅下发通知（民办函〔2003〕166号）作了明确规定”这一事实，以及新式婚姻登记证自 2004-01-01 启用,部级原文未取得，不能引用其条文号与原文表述；式样细节以 S137 的省级转述为准,2026-10-04,新式婚姻登记证式样（民政部办公厅民办函〔2003〕166号口径）,核查状态含出处未定标记 第三方线索/待官方源核实（第三方线索_待官方源核实）：不按官方来源公开详情,,
S139,index_published,C19,自然资源部关于印发《不动产权证书和登记证明监制办法》的通知（自然资发〔2024〕98号）,自然资源部（新疆维吾尔自治区自然资源厅转载）,自然资源部关于印发《不动产权证书和登记证明监制办法》的通知,"[""https://zrzyt.xinjiang.gov.cn/xjgtzy/gjzzq/202406/ded53c231e69439db44180ad61d4aa78.shtml""]",部级部门规范性文件（省级自然资源主管部门转载）,2024-05-30 起施行；替代国土资规〔2016〕5号,2026-10-04,不动产权证书与不动产登记证明由自然资源部统一监制；监制职责含发布统一样式、规定印制标准、实行印制情况备案；省级自然资源主管部门统一负责本行政区域内印制与发行且权限不得下放；证书应具有唯一印制流水号；电子证照参照纸质证书监制要求,不给证书可见页、字段与版式；转载页不等于部级原件；印制标准的字号、防伪等具体内容未公开,官方文字已核（现行监制依据）_版式待核,2024-05-30 起现行,不适用（无图）,未取得字段；已核“统一监制”“唯一印制流水号”“省级负责印制”“电子证照同口径”,2026-10-07,HTTP 200,发布主体为官方机构：自然资源部（新疆维吾尔自治区自然资源厅转载）；URL 主机属官方渠道：zrzyt.xinjiang.gov.cn；核查状态不含出处未定标记：官方文字已核（现行监制依据）_版式待核；原记录未载明链接无法取得正文,0,codex-20261007-v3,,,,,,,发布机构字段显示该文本由其他官方渠道转载／转述；公开的是该官方渠道页面，不据此宣称原始发布渠道已核实。,
S140,identifier_only,C09,,,,,,,,,,,,,,2026-10-07,HTTP 200,,,codex-20261007-v3,校方招生网（在用的官方入口）与校方公开报道,校方公开渠道存在录取通知书相关公开报道，可作为参考对象来源；本项目未从该渠道取得通知书版面的官方图或式样说明,公开报道中的通知书照片多为他人拍摄、非可用于版式核验的官方图；无字段清单与位置；报道口径不等于式样文件,2026-10-04,上海交通大学 2025 年录取通知书（校方与媒体报道）,发布机构字段含非官方或内部补证/交接标记,,
S141,identifier_only,C14,,,,,,,,,,,,,,2026-10-07,no_public_url,,,codex-20261007-v3,公共安全行业标准（本批仅在第三方标准索引页读到标准名称与版本号，未取得标准全文）,确认存在 GA/T 946.2 系列标准，规定机动车登记信息的采集与签注,标准全文未公开取得；字段清单与签注栏名称均未取得；第三方标准索引页不能作字段依据,2026-10-04,GA/T 946.2《道路交通管理信息采集规范 第 2 部分：机动车登记信息采集和签注》,URL 主机不属发布机构自有官方域（第三方平台/媒体/商业索引站）；核查状态含出处未定标记 第三方线索/待官方源核实（第三方线索_待官方源核实）：不按官方来源公开详情；其中 1 个第三方主机链接不公开,,
S142,index_published,C10,补办毕业证明书和学位证明书（上海交通大学教务处）,上海交通大学教务处（校级教学管理部门）,补办毕业证明书和学位证明书,"[""https://jwc.sjtu.edu.cn/info/1039/1099.htm""]",校级教学管理部门办事流程页,2025-10-24 发布,2026-10-04,校内补办只出毕业证明书与学位证明书，与原证书不同时持有，且只补办一次；材料含申请表与两寸照片；收费 20 元/张；办理 10 个工作日；页面注明本流程适用于本专科学历证明,不给证书或证明书的版式、字段与编号规则；不属于教师资格证、也不属于本单元其他证书的式样依据,官方文字已核（限校内办事流程）_版式待核,现行校内流程（2025-10-24 发布）,不适用,未取得字段,2026-10-07,HTTP 206,发布主体为官方机构：上海交通大学教务处（校级教学管理部门）；URL 主机属官方渠道：jwc.sjtu.edu.cn；核查状态不含出处未定标记：官方文字已核（限校内办事流程）_版式待核；原记录未载明链接无法取得正文,0,codex-20261007-v3,,,,,,,,
S143,index_published,C18,关于转发《关于启用新版山东省企业职工退休证的通知》的通知（转述省厅鲁人社字〔2016〕222号）,枣庄市人力资源和社会保障局（市级人社部门官网；正文为山东省人力资源和社会保障厅文件的原样转述）,关于转发《关于启用新版山东省企业职工退休证的通知》的通知,"[""http://zzhrss.zaozhuang.gov.cn/ywdt/tzgg/201607/t20160708_1676265.html""]",市级人社部门官网转发的省级文件（省厅文件原文完整转述）,2016-06-27 省厅发文；2016-06-30 市局转发；2016-07-01 起执行,2026-10-04,山东省自 2016-07-01 起在全省统一制发新版《企业职工退休证》：新版在原证式样基础上简化相关内容、删除了“出生日期”等内容，并强化了防伪技术处理；企业职工退休证由省人力资源社会保障厅统一印制，各市、各单位不得自行翻印；各级人社部门以成本价集中采购、免费向退休人员发放，严禁向企业或退休人员收费；企业职工退休证实行编号管理，各单位指定专人负责填写，相关信息要与《企业退休核准表》内容保持一致，有条件的企业可用机器打印；2016-07-01 之前发放的企业职工退休证继续有效,不给证书式样图（原附件“新版山东省企业职工退休证式样”链接指向已停用的 www.sdhrss.gov.cn，2026-10-04 实测该域名返回 502、现用域名 hrss.shandong.gov.cn 返回 404，附件未能取得）；不给字段相对位置、字号与尺寸；本文件是省级口径，不等于部级人社厅发〔2010〕53号原文,官方文字已核（省级转述）_版式待核,2016-07-01 起启用的山东省新版企业职工退休证（此前版本继续有效）,不适用（附件未取得）,已核规则与信息：省级统一印制、不得翻印、免费发放、实行编号管理、填写须与《企业退休核准表》一致、新版删除“出生日期”、强化防伪,2026-10-07,HTTP 200,发布主体为官方机构：枣庄市人力资源和社会保障局（市级人社部门官网；正文为山东省人力资源和社会保障厅文件的原样转述）；URL 主机属官方渠道：zzhrss.zaozhuang.gov.cn；核查状态不含出处未定标记：官方文字已核（省级转述）_版式待核；原记录未载明链接无法取得正文,0,codex-20261007-v3,,,,,,,发布机构字段显示该文本由其他官方渠道转载／转述；公开的是该官方渠道页面，不据此宣称原始发布渠道已核实。,
S144,index_published,C18,关于做好2025年度省直机关企事业单位退休证发放管理工作的通知（引粤人社办〔2020〕40号）,广东省社会保险基金管理局（省人社厅官网发布）,关于做好2025年度省直机关企事业单位退休证发放管理工作的通知,"[""https://hrss.gd.gov.cn/zwgk/gsgg/content/post_4665873.html""]",省级人社部门官网通知（在执行通知中引省级规范性文件名）,2025-02-05 发布,2026-10-04,广东省对省直机关企事业单位退休证发放管理：空白退休证由省社保局有条件统一配送；各省直单位承担发放管理主体责任，原则上在退休人员开始领取基本养老金的当月发放到位；发放退休证不得收费，单位对记载内容的真实性和准确性负责；填写有误可要求更正，损毁或遗失可向原发证单位免费补办；原发证单位撤销或注销的分情形移交处理；病残津贴领取人员不列入发放范围。通知依据为粤人社办〔2020〕40号《关于进一步规范退休证发放管理工作的通知》,不给证书式样、字段与版面；粤人社办〔2020〕40号原文未取得（仅见文件名与执行要求）；属省级口径，不等于部级人社厅发〔2010〕53号原文；电子退休证与纸质证的差异未涉及,官方文字已核（发放管理规则）_版式待核,2025 年度执行口径；依据文件为 2020 年省级通知,不适用（无图）,已核发放管理规则：单位主体责任、当月起发放、不得收费、可免费补办、病残津贴人员除外,2026-10-07,HTTP 200,发布主体为官方机构：广东省社会保险基金管理局（省人社厅官网发布）；URL 主机属官方渠道：hrss.gd.gov.cn；核查状态不含出处未定标记：官方文字已核（发放管理规则）_版式待核；原记录未载明链接无法取得正文,0,codex-20261007-v3,,,,,,,,
S145,index_published,C09,上海交通大学本科招生网,上海交通大学招生办公室,交大招生办,"[""https://admissions.sjtu.edu.cn/""]",校级官方招生网站（本批实际打开首页）,页面显示 2026 年招录季相关公告（含 2026 年录取通知书发放进度表等条目）,2026-10-04,校级招生网为在用的官方入口，页面存在且可正常访问；可用于确定“参考对象＝上海交通大学”这一选择,首页未提供录取通知书版面图、字段清单或式样说明；页面条目只给出通知标题,官方渠道已核_通知书样张未取得,2026 年招录期（本次访问）,不适用（未取得图）,未取得字段；仅已核校级官方入口存在,2026-10-07,HTTP 200,发布主体为官方机构：上海交通大学招生办公室；URL 主机属官方渠道：admissions.sjtu.edu.cn；核查状态不含出处未定标记：官方渠道已核_通知书样张未取得；原记录未载明链接无法取得正文,0,codex-20261007-v3,,,,,,,,
S146,identifier_only_pending,C19,,,,,,,,,,,,,,2026-10-07,HTTP 200,,,codex-20261007-v3,部级规范性文件（国务院公报）,2016 年版监制办法：由部级统一监制、发布统一样式与印制标准、省级负责印制、证书与证明应具有唯一印制流水号,已被 S139 替代；不给版式；只作版本沿革,2026-10-04,国土资源部关于印发《不动产权证书和登记证明监制办法》的通知（国土资规〔2016〕5号）,核查状态含出处未定标记 已失效（已失效（作版本沿革））：不按官方来源公开详情,,
S160,index_published,E01,美国加州 REAL ID 与身份证明卡类别,California DMV,What Is REAL ID?,"[""https://www.dmv.ca.gov/portal/driver-licenses-identification-cards/real-id/what-is-real-id/""]",州机动车管理部门说明页,页面标注 dateModified 2026-08-07,2026-10-04,加州签发的 REAL ID 驾照或身份证明卡以「金色熊＋星」标注，位置在卡面右上角；非 REAL ID 卡在同一位置印三行文字 FEDERAL LIMITS APPLY；页面写「Bear + star in top right corner = REAL ID」与「Federal Limits Apply = Not REAL ID」,页面文字不含身份证明卡的卡面字段与排布；同页两张样图的卡面文字是 DRIVER LICENSE，不能替代身份证明卡,页面已核_版式待核,2025-05-07 起的现行卡种规则,不适用（本行只有文字与对比表）,无字段；已核两种标注的形式与「右上角」这一粗粒度位置,2026-10-07,HTTP 200,发布主体为官方机构：California DMV；URL 主机属官方渠道：www.dmv.ca.gov；核查状态不含出处未定标记：页面已核_版式待核；原记录未载明链接无法取得正文,0,codex-20261007-v3,,,,,,,,
S161,index_published,E08,加州驾照（REAL ID 版与非 REAL ID 版）官方对比样图,California DMV,官方对比样图两张（REAL ID-pullout／FED-Limits-pullout）,"[""https://www.dmv.ca.gov/portal/uploads/2025/09/ID_sample_REAL-ID-pullout_768x986.jpg"",""https://www.dmv.ca.gov/portal/uploads/2025/09/ID_sample_FED-Limits-pullout_768x986.jpg""]",官方样图（JPG，本地下载后 797×986 px）,2025-09（站点上传目录）,2026-10-04,两张样图为同一版加州驾照设计，仅右上角不同：REAL ID 版为金色熊＋星圆圈、圆圈内有红色日期；非 REAL ID 版为三行文字 FEDERAL LIMITS APPLY。卡面标题行为 CALIFORNIA＋USA（左上）与 DRIVER LICENSE（右上）；字段带元素编号 4d DLN、3 DOB、1、2、8、9 CLASS、9a END、12 REST、4a ISS、5 DD、15 SEX、16 HGT、18 EYES、19 HAIR、17 WGT、4b EXP；左下为签名与 SAMPLE 字样，右下有幽灵照,卡面文字是 DRIVER LICENSE，不能替代身份证明卡（IDENTIFICATION CARD）的字段与位置；图上无比例尺，不推断实物尺寸与字号；防伪特征不可判；2026-10-04 裁决（D-C1）：本行两幅官方对比样图上印的是 DRIVER LICENSE，属驾照卡，不计入 E01 身份证明卡的依据,官方样卡已核,2025-09 上传的现行设计样图,卡面正面（无背面）,上述字段标签及其在卡面上的相对分区；右上角标记与到期日期相邻,2026-10-07,HTTP 206 ; HTTP 206,发布主体为官方机构：California DMV；URL 主机属官方渠道：www.dmv.ca.gov；核查状态不含出处未定标记：官方样卡已核；原记录未载明链接无法取得正文,0,codex-20261007-v3,,,,,,,,
S162,index_published,E01,加州 DMV 身份证明卡与驾照信息页（本次复核）,California DMV,Identification（ID）Cards 与 Driver's Licenses & Identification Cards（两页本次重开）,"[""https://www.dmv.ca.gov/portal/driver-licenses-identification-cards/identification-id-cards/"",""https://www.dmv.ca.gov/portal/driver-licenses-identification-cards/""]",州机动车管理部门办事说明页,现行版,2026-10-04,两页均无身份证明卡卡面样图；ID Cards 页只描述三类卡（REAL ID、Standard、62 岁以上老年卡）的用途与申请要求；Driver's Licenses & Identification Cards 页只有栏目入口与三张流程入口卡,本轮两页均不能提供身份证明卡的卡面字段与版式,本次未取得,2025-05-07 起的现行规则,不适用（无样图）,无,2026-10-07,HTTP 200 ; HTTP 200,发布主体为官方机构：California DMV；URL 主机属官方渠道：www.dmv.ca.gov；核查状态不含出处未定标记：本次未取得；原记录未载明链接无法取得正文,0,codex-20261007-v3,,,,,,,,
S163,index_published,E02,英国护照资料页字段（服务设计口径）,英国内政部（Home Office）设计与用户研究中心,Ask users to manually enter passport details,"[""https://design.homeoffice.gov.uk/design-system/patterns/ask-users-for/passport-details/enter-details""]",政府设计手册（服务设计模式页）,现行版,2026-10-04,英国护照资料页上可读到护照号、国籍、签发国、签发日期、到期日期；字段标签须译为英文、法文或西班牙文；签发国通常显示在护照首页顶部；GBR 在英国护照上对应 British Citizen；护照号手动录入上限 9 个字符且只用字母与数字,本页是录入界面的设计说明，不给字段在资料页上的排布、字号与防伪特征；无样图,页面已核_版式待核,现行版（服务设计模式，非证件版本）,不适用（无样图）,字段名：护照号、国籍、签发国、签发机关、签发日期、到期日期；位置只到「签发国在页面上方」,2026-10-07,HTTP 200,发布主体为官方机构：英国内政部（Home Office）设计与用户研究中心；URL 主机属官方渠道：design.homeoffice.gov.uk；核查状态不含出处未定标记：页面已核_版式待核；原记录未载明链接无法取得正文,0,codex-20261007-v3,,,,,,,,
S164,index_published,E02,美国电子普通护照（Exemplar Book 样例）资料页,美国国土安全部移民与海关执法局国土安全调查局法庭科学实验室（指南出版方）,Guide to Selected U.S. Travel and Identity Documents（Form M-396）第 5 页图版（本次提取辨认）,"[""https://www.ice.gov/doclib/foia/policy/guideHSI_SelectedUSTravelIdentityDocs_FormM396_02.2018.pdf""]",执法机构证件识别指南内嵌图版（PNG，404×557 px 与 285×399 px）,2018-02,2026-10-04,辨认出美国电子护照资料页全部字段标签，均为英／法／西三语并列：Type／Code／Passport No／Surname／Given Names／Nationality／Date of birth／Place of birth／Sex／Authority／Date of issue／Date of expiration／Endorsements，底部两行 MRZ；上方题词页有 We the People 序言、签名行与三语标注；样例护照号 340007237，签发 2016-08-07,该图是训练用样例册（图内有 EP Exemplar Book 与 CANCELLED 叠印），不是官方现行样卡；到期日期末位被印痕遮盖，辨认受限；不给实物尺寸与字号,官方式样页已核_样图已辨认,2018-02 版指南所载 2016-08-07 签发的样例,资料页与上方题词页（同一图版上下两部分）,见 specs_candidate.json 的 DRAFT-E02-US-PASSPORT-DATAPAGE 字段表；字段位置精确到「字段区第几行／右侧中段」这一粒度,2026-10-07,HTTP 206,发布主体为官方机构：美国国土安全部移民与海关执法局国土安全调查局法庭科学实验室（指南出版方）；URL 主机属官方渠道：www.ice.gov；核查状态不含出处未定标记：官方式样页已核_样图已辨认；原记录未载明链接无法取得正文,0,codex-20261007-v3,,,,,,,,
S165,index_published,E03,美国非移民签证贴纸（B1/B2 样例）,美国国土安全部移民与海关执法局国土安全调查局法庭科学实验室（指南出版方）,Guide to Selected U.S. Travel and Identity Documents（Form M-396）第 19 页图版（本次提取辨认）,"[""https://www.ice.gov/doclib/foia/policy/guideHSI_SelectedUSTravelIdentityDocs_FormM396_02.2018.pdf""]",执法机构证件识别指南内嵌图版（PNG，685×452 px）,2018-02,2026-10-04,辨认出贴纸字段标签 Issuing Post Name／Control Number／Surname／Given Name／Passport Number／Sex／Visa Type/Class／Birth Date／Nationality／Entries／Issue Date／Expiration Date／Annotation 与两行 MRZ；样例 Visa Type/Class 为「R   B1/B2」、Entries 为 M、控制号 14 位、签发 2004-08-17、到期 2014-07-28；图案含林肯像、国会大厦与金色方形箔块,样例签发日期为 2004-08-17，不等于现行贴纸；不给贴纸实物尺寸、字号与防伪特征；图上另印 THIS IS A SAMPLE VISA，属培训样例,官方式样页已核_样图已辨认,2018-02 版指南所载 2004-08-17 签发的样例,贴纸正面（单面）,见 specs_candidate.json 的 DRAFT-E03-US-VISA-B1B2-R 字段表,2026-10-07,HTTP 206,发布主体为官方机构：美国国土安全部移民与海关执法局国土安全调查局法庭科学实验室（指南出版方）；URL 主机属官方渠道：www.ice.gov；核查状态不含出处未定标记：官方式样页已核_样图已辨认；原记录未载明链接无法取得正文,0,codex-20261007-v3,,,,,,,,
S166,index_published,E04,英格兰及威尔士婚姻登记制度（2021 年改革）,GOV.UK（政府新闻稿）,Improvements introduced to marriage registration system,"[""https://www.gov.uk/government/news/improvements-introduced-to-marriage-registration-system""]",政府新闻稿,2021-05-04,2026-10-04,自 2021-05-04 起建立单一电子婚姻登记簿；父母双方姓名首次可同时进入婚姻条目与婚姻证书，此前只有父亲的名字,新闻稿不含证书版式、字段排布与编号规则,页面已核_版式待核,2021-05-04 起的现行制度,不适用（无样图）,无字段位置；已核「母亲信息进入条目与证书」这一变更,2026-10-07,HTTP 206,发布主体为官方机构：GOV.UK（政府新闻稿）；URL 主机属官方渠道：www.gov.uk；核查状态不含出处未定标记：页面已核_版式待核；原记录未载明链接无法取得正文,0,codex-20261007-v3,,,,,,,,
S167,index_published,E04,英格兰及威尔士婚姻登记流程（改革过渡）,"英国通用登记办公室（General Register Office, GRO）",Secretary for Marriages Newsletter Issue 8: February 2021,"[""https://assets.publishing.service.gov.uk/media/602be246e90e070559970fd0/Secretary_for_Marriages_Newsletter_8th_Edition_Feb_2021_V1.pdf""]",签发登记机构内部通讯（公开 PDF）,2021-02,2026-10-04,纸质婚姻登记簿将被撤销，改由电子登记；个人的登记官证书由婚姻日程表（marriage schedule）取代，后者是含婚姻全部信息的单一表格，由当事人、见证人与婚礼秘书核对并签名；婚姻证书只能在地方登记处完成登记后由登记处或 GRO 取得；秘书不再签发证书、不再做季度回报,不含证书版式、字段排布与证书编号规则；该期通讯写于制度实施前，措辞为过渡安排,页面已核_版式待核,2021-02 版通讯所载过渡安排,不适用（无样图）,无字段位置；已核登记载体、签名角色与证书出证时点,2026-10-07,HTTP 206,"发布主体为官方机构：英国通用登记办公室（General Register Office, GRO）；URL 主机属官方渠道：assets.publishing.service.gov.uk；核查状态不含出处未定标记：页面已核_版式待核；原记录未载明链接无法取得正文",0,codex-20261007-v3,,,,,,,,
S168,index_published,E04,英格兰及威尔士婚姻登记条文,legislation.gov.uk（英国国家档案馆运营）,The Registration of Marriages Regulations 2021（SI 2021/411）regulation 7,"[""https://www.legislation.gov.uk/uksi/2021/411/regulation/7/made""]",法定文书原文（as made 版）,2021（原版）,2026-10-04,新增第 53A 条：婚姻登记簿由登记总长维护、必须以电子形式可访问；第 53C 条：婚姻日程表由当事人双方在彼此、指定人与两名见证人在场时签名，随后由指定人与两名见证人再签；第 53D(10)(b) 条：登记官可出具登记簿条目的核证副本,条文不给证书的字段清单、排布与纸型；「particulars」的具体项目不在本条；不给苏格兰与北爱尔兰口径,页面已核_版式待核,2021 年原版（as made）,不适用（无样图）,无字段位置；已核签名者角色与核证副本的出具权,2026-10-07,HTTP 200,发布主体为官方机构：legislation.gov.uk（英国国家档案馆运营）；URL 主机属官方渠道：www.legislation.gov.uk；核查状态不含出处未定标记：页面已核_版式待核；原记录未载明链接无法取得正文,0,codex-20261007-v3,,,,,,,,
S169,index_published,E05,美国俄亥俄州立大学学生证（BuckID）,"The Ohio State University, BuckID Office",BuckID Frequently Asked Questions,"[""https://buckid.osu.edu/faqs""]",高校卡务部门官网问答,现行版,2026-10-04,卡面涉及短号（short number，又称 EMPL／employee ID number／student ID number，9 位数字）与长号（long number，又称 card number／ISO number）；使用首选名时卡上仍保留法定姓氏；短号数据分级 S2、长号 S4；卡不得转借；学生转职员后可不换卡；校方另发手机版 BuckID,不给卡面版式、颜色、图案与字段位置；无样图；不给长号位数,页面已核_版式待核,现行版,不适用（无样图）,字段名：法定姓氏、首选名（可选）、短号、长号；位置待核,2026-10-07,URLError [SSL: CERTIFICATE_VERIFY_FAILED] certificate verify failed: unable to get local issuer certificate (_ssl.c:1010),"发布主体为官方机构：The Ohio State University, BuckID Office；URL 主机属官方渠道：buckid.osu.edu；核查状态不含出处未定标记：页面已核_版式待核；原记录未载明链接无法取得正文",0,codex-20261007-v3,,,,,,,,
S170,index_published,E05,英国爱丁堡大学学生证（University card）,"University of Edinburgh, Information Services（University Card Service）",University card functions,"[""https://information-services.ed.ac.uk/help-consultancy/card/card-functions""]",高校卡务部门官网说明,2024-10-08 发布,2026-10-04,学生卡含姓名、学号、考试号与学生身份标记；员工卡含姓名与员工号；图书馆会员号以条码形式印在卡上；卡另用于受控区域门禁、云打印与 Upay 无现金餐饮,不给卡面版式、颜色、图案与字段位置；无样图；不给学号、考试号与条码位数,页面已核_版式待核,现行版,不适用（无样图）,字段名：姓名、学号、考试号、学生身份标记、条码形式的图书馆会员号；位置待核,2026-10-07,HTTP 200,"发布主体为官方机构：University of Edinburgh, Information Services（University Card Service）；URL 主机属官方渠道：information-services.ed.ac.uk；核查状态不含出处未定标记：页面已核_版式待核；原记录未载明链接无法取得正文",0,codex-20261007-v3,,,,,,,,
S171,index_published,E06,英国爱丁堡大学补发学位证书,"University of Edinburgh, Registry Services",Replacement University of Edinburgh Degree Certificates,"[""https://registryservices.ed.ac.uk/order-documents/replacement-certs""]",高校注册部门官网说明,2024-07-29 发布,2026-10-04,"补发件会加印一句「This is a certified duplicate degree certificate, re-issued on DD/MM/YYYY」；补发件上的签署人可替换原证书上的签署人；证书姓名以毕业时的姓名为准，除行政错误或性别承认情形外不得追溯更改；1989 年以前的毕业生不予补发；该服务只面向本校毕业生",不给证书版式与字段清单；是一所学校的做法，不能推广到其他英国学校；无样图,页面已核_版式待核,现行版,不适用（无样图）,已核补发件上的固定说明文字与签署人可替换；版式待核,2026-10-07,HTTP 200,"发布主体为官方机构：University of Edinburgh, Registry Services；URL 主机属官方渠道：registryservices.ed.ac.uk；核查状态不含出处未定标记：页面已核_版式待核；原记录未载明链接无法取得正文",0,codex-20261007-v3,,,,,,,,
S172,index_published,E06,美国天普大学学位证书（Diploma）,"Temple University, Office of the University Registrar",Diploma Contents,"[""https://registrar.temple.edu/diploma-contents""]",高校注册办公室官网说明,现行版；关键日期 2023-04-01,2026-10-04,纸本文凭载学生法定姓名、主学位名称、授予日期、拉丁荣誉；研究生与专业学位另有专业与方向；本科的专业、辅修、方向、院系荣誉等只在数字文凭补充信息中出现；签署人为校长、董事会秘书、董事会主席、院系院长；校印以金箔压印；自 2023-04-01 起本科与研究生文凭统一印在 8.5×11 英寸纸上，Kornberg 牙学院为 11×14,不给字段在版面上的位置与字号；数字文凭字段不能并入纸本样式；不给证书编号规则；无样图,页面已核_版式待核,现行版（2023-04-01 起）,不适用（无样图）,字段名与其所在载体已核；位置待核,2026-10-07,HTTP 200,"发布主体为官方机构：Temple University, Office of the University Registrar；URL 主机属官方渠道：registrar.temple.edu；核查状态不含出处未定标记：页面已核_版式待核；原记录未载明链接无法取得正文",0,codex-20261007-v3,,,,,,,,
S173,index_published,E06,英国牛津大学学位证书与数字学位确认信,University of Oxford,Degree certificates and letters,"[""https://www.ox.ac.uk/students/graduation/certificates""]",高校官网说明,现行版,2026-10-04,证书须在学位经毕业典礼（到场或未到场）授予后自动签发，由学院在典礼当天递交或事后邮寄；未举行典礼则不能发证；证书与确认信上的姓名以获准授位（leave to supplicate）时的姓名为准，除行政错误或性别承认情形外不得追溯更改；不得持有多份；数字学位确认信确认完成课程、就读时间与所获等级；Lifelong Learning 的非 matriculated 课程由院系另发奖证书,不给证书版式、印章、签署人与纸型；无样图；不给证书编号规则,页面已核_版式待核,现行版,不适用（无样图）,已核姓名口径、发证时点与「不得持有多份」；版式待核,2026-10-07,URLError [SSL: UNEXPECTED_EOF_WHILE_READING] EOF occurred in violation of protocol (_ssl.c:1010),发布主体为官方机构：University of Oxford；URL 主机属官方渠道：www.ox.ac.uk；核查状态不含出处未定标记：页面已核_版式待核；原记录未载明链接无法取得正文,0,codex-20261007-v3,,,,,,,,
S174,index_published,E07,英国初级数学挑战赛证书（Junior Mathematical Challenge）,United Kingdom Mathematics Trust（UKMT，英国数学信托）,Junior Mathematical Challenge Awards,"[""https://ukmt.org.uk/junior-challenges/junior-maths-challenge-awards""]",竞赛组委会官网页面,现行版；含 2026 年阈值与 1997–2026 历年阈值表,2026-10-04,前 50% 参赛者按 Bronze:Silver:Gold＝3:2:1 获证书，其余获参赛证书；Best in Year／Best in School 另在证书上加徽章；满分 135 分（1–15 题每题 5 分、16–25 题每题 6 分，答错不扣分、空答 0 分）；2026 年证书阈值 Gold 75+／Silver 59+／Bronze 47+，晋级阈值 Junior Kangaroo 80+（仅英国）／Junior Mathematical Olympiad 112+；历年阈值成表,不给证书版式、颜色、尺寸与证书编号；无样图；不列证书上的文字字段,页面已核_版式待核,2026 年赛事版,不适用（无样图）,已核奖项分级、比例、分数构成与阈值；版式待核,2026-10-07,URLError [SSL: UNEXPECTED_EOF_WHILE_READING] EOF occurred in violation of protocol (_ssl.c:1010),发布主体为官方机构：United Kingdom Mathematics Trust（UKMT，英国数学信托）；URL 主机属官方渠道：ukmt.org.uk；核查状态不含出处未定标记：页面已核_版式待核；原记录未载明链接无法取得正文,0,codex-20261007-v3,,,,,,,,
S175,index_published,E07,美国总统教育奖（PEAP）证书,美国联邦教育部（U.S. Department of Education）,President's Education Awards Program,"[""https://www.ed.gov/grants-and-programs/recognition-programs/presidents-education-awards-program""]",联邦教育主管部门官网项目页,现行版；页面 2026-04-15 复核,2026-10-04,项目 1983 年设立，以美国总统与教育部长名义，用证书与信函表彰毕业年级学生，覆盖公立、私立、国防部学校与家庭学校；校长对获奖人选有唯一裁量权；教育部另提供 program materials（含 award certificates 与 recognition letters）与 FAQ 页,页面不列证书字段、版式与评奖标准；本轮未下载证书模板，也未打开 FAQ 页；无样图,页面已核_版式待核,现行版,不适用（无样图）,已核表彰名义人与奖项适用对象；版式待核,2026-10-07,HTTPError 403 Forbidden,发布主体为官方机构：美国联邦教育部（U.S. Department of Education）；URL 主机属官方渠道：www.ed.gov；核查状态不含出处未定标记：页面已核_版式待核；原记录未载明链接无法取得正文,0,codex-20261007-v3,,,,,,,,
S176,index_published,E10,英国护士与助产士职业状态证书（CCPS）,Nursing and Midwifery Council（NMC）,Request a certificate of current professional status,"[""https://www.nmc.org.uk/registration/your-registration/request-a-ccps/""]",专业监管机构官网说明,现行版；页面最后更新 2026-02-10,2026-10-04,CCPS 载明全名与注册地址、NMC Pin、出生日期、在册起止日期、资格信息、是否存在执业适格处分／承诺／警告；NMC 不发纸质证书、也不代填他方表格；CCPS 签发后 3 个月内有效；通常 24 小时内签发，经 MyNMC 上传下载并通知对方监管机构从安全门户下载；EU 指令口径的 CCPS 自过渡期结束后不再签发,不给证书版式、尺寸与防伪特征；无样图；不给 NMC Pin 的位数与格式,页面已核_版式待核,现行版,电子证书（PDF，经 MyNMC 下载）,见 specs_candidate.json 的 DRAFT-E10-UK-NMC-CCPS 字段表,2026-10-07,URLError [SSL: UNEXPECTED_EOF_WHILE_READING] EOF occurred in violation of protocol (_ssl.c:1010),发布主体为官方机构：Nursing and Midwifery Council（NMC）；URL 主机属官方渠道：www.nmc.org.uk；核查状态不含出处未定标记：页面已核_版式待核；原记录未载明链接无法取得正文,0,codex-20261007-v3,,,,,,,,
S177,index_published,E04,加州婚姻记录（公开婚姻与保密婚姻）,California Department of Public Health — Vital Records,Vital Records Obtaining Certified Copies of Marriage Records,"[""https://www.cdph.ca.gov/Programs/CHSI/Pages/Vital-Records-Obtaining-Certified-Copies-of-Marriage-Records.aspx""]",州公共卫生部门官网页面,现行版,2026-10-04,CDPH-VR 只对部分年份的公开婚姻提供证明副本（1905–1999、2001、2008–2025）；2000 与 2002–2007 年须找县记录官；保密婚姻记录只由县书记官出具且只发给证书上列名的两人；申请用 VS 113A 表，（申请授权副本时）须并附 VS 20 具结声明；加州区分 authorized copy 与 informational copy 两类副本,该页不给证书版式与字段；本轮未打开「Authorized Copy vs. Informational Copy」子页，两类副本的具体差异未核,页面已核_版式待核,现行版,不适用（无样图）,无字段位置；已核出证机关与年份边界,2026-10-07,HTTP 200,发布主体为官方机构：California Department of Public Health — Vital Records；URL 主机属官方渠道：www.cdph.ca.gov；核查状态不含出处未定标记：页面已核_版式待核；原记录未载明链接无法取得正文,0,codex-20261007-v3,,,,,,,,
S178,index_published,E04,加州婚姻许可与婚姻证书表式（VS 117 系）,California Department of Public Health — Vital Records（表式）；由 Butte County 官网公开,APPLICATION FOR LICENSE AND CERTIFICATE OF MARRIAGE（VS117Be，01/2015）,"[""https://www.buttevotes.ca.gov/DocumentCenter/View/114/Marriage-License-Application-PDF""]",官方表式 PDF（可打印文本层）,2015-01（表式版本号）,2026-10-04,表式给出四种许可类型：VS 117 标准型、VS 115 无神职人员教派用、VS 116 补录一年前婚姻用、VS 123 保密型；给出编号字段 1A–30C：双方姓名四段（名／中间名／现用姓／出生时姓）、出生日期、出生州／国、既往婚姻次数与前段结束方式及日期、住址与城市州国邮编、父亲／父母与母亲／父母的完整出生姓名及出生州、双方签名、签发日期、到期日、婚姻许可编号、签发许可的书记官、婚后新中间名与新姓；标准型要求至少一名见证人与一名主持婚礼者；保密型只发给年满 18 岁且已同居的未婚双方；许可自签发日起 90 天有效；不填新姓名时该栏填两个单短横线,本轮取得的是申请／许可联，不含主婚人签署栏、见证人签署栏、结婚日期与地点栏；证书成品版式仍待核；2015 版是否为最新版未核；本行页码与行序依据的是 PDF 文本层，非印刷坐标,页面已核_版式待核,VS117Be（01/2015）；标准类型 VS 117,申请／许可联正文面,见 specs_candidate.json 的 DRAFT-E04-US-CA-MARRIAGE-VS117 字段表,2026-10-07,HTTP 200,发布主体为官方机构：California Department of Public Health — Vital Records（表式）；由 Butte County 官网公开；URL 主机属官方渠道：www.buttevotes.ca.gov；核查状态不含出处未定标记：页面已核_版式待核；原记录未载明链接无法取得正文,0,codex-20261007-v3,,,,,,,,
S179,index_published,E04,加州圣马特奥县婚姻证书申领,"County of San Mateo, Assessor-County Clerk-Recorder & Elections",Marriage Certificates,"[""https://smcacre.gov/county-clerk-recorder/marriage-certificates""]",县记录官官网页面,现行版,2026-10-04,婚姻证书只能向签发该婚姻许可的县购买；2008-06-17 之后当事人以 Party A／Party B 记载；申请须出示有效政府照片身份证明；1856–1964 年的记录另需 1–2 天调档；该县不接受境外公证人的具结；申请人须提供婚姻许可上的双方姓名、结婚日期与购买许可的办公处,不给证书版式与字段；该县不接受在线下单（首页导向第三方服务商，本项目不引用第三方渠道）,页面已核_版式待核,现行版,不适用（无样图）,无字段位置；已核出证机关与年份边界,2026-10-07,HTTP 206,"发布主体为官方机构：County of San Mateo, Assessor-County Clerk-Recorder & Elections；URL 主机属官方渠道：smcacre.gov；核查状态不含出处未定标记：页面已核_版式待核；原记录未载明链接无法取得正文",0,codex-20261007-v3,,,,,,,,
S180,index_published,E05,美国亚利桑那州立大学学生证（Sun Card）与身份证件政策,Arizona State University（Sun Devil Card Services）；校级政策 PUR 224,ID Card（卡务页）与 PUR 224: Sun Devil Card Services（政策原文）,"[""https://cfo.asu.edu/cardservices""]",高校卡务官网页面与校级政策原文,现行版；政策生效 1997-07-01、修订 2024-07-17,2026-10-04,学校要求在校学生、员工与符合条件的附属人员取得官方 ASU ID；卡可为实体或数字（Mobile ID）；实体卡工本费 25 美元；照片须白底正面、不得修图、不得戴帽与墨镜；卡为学校财产、不可转让、离校须交回；同时持有数字 ID 与实体卡时须按请求交回旧实体卡；政策另规定照片保管方与卡片保留销毁期限,两页均不给卡面字段清单、版式与编号格式；无样图；因此本批次未选该校作 E05 正式参考学校，只作替代选项,页面已核_版式待核,现行版（政策 2024-07-17 修订）,不适用（无样图）,已核发卡要求、费用与所有权规则；卡面字段待核,2026-10-07,HTTP 206,发布主体为官方机构：Arizona State University（Sun Devil Card Services）；校级政策 PUR 224；URL 主机属官方渠道：cfo.asu.edu；核查状态不含出处未定标记：页面已核_版式待核；原记录未载明链接无法取得正文,1,codex-20261007-v3,,,,,,,,
S181,index_published,C10,湖南师范大学自制毕业证书与学位证书（校行发〔2016〕16号公布的版式）,湖南师范大学研究生院（校级官方发布）,关于公布我校自制学位证书、毕业证书版式的通知,"[""https://yjsy.hunnu.edu.cn/info/1052/1548.htm""]",校级官方通知（版式说明，无图样）,2016-06-17 发布（文件落款 2016-05-30，校行发〔2016〕16号）,2026-10-04,按学位〔2015〕18号，自 2016-01-01 起不再使用国务院学位委员会办公室统一印制、带国徽图案的学位证书，改由学位授予单位自行设计印制；该校新版学位证书“从上至下、从左到右依次为学校中英文校名，学士、硕士、博士三级学位证书字样，学位授予信息及学位获得者照片，底部是证书编号，校长、和学位授予日期等信息”，学位证书与毕业证书统一规格为横版 A4；三级代表色为博士绛红、硕士群青、学士竹绿；证书底部正中为校牌主体元素，四周为水纹边框，中央有校徽底纹与英文校名,不给证书图样、精确坐标、字号与编号规则；版式说明是文字描述，元素先后次序可依、绝对位置不可依；该校做法不等于其他学校；页面配图为设计元素示意，不是证书成品图；本站另有 yjsc.hunnu.edu.cn 旧域名指向同一页面，本行统一记现行域名 yjsy.hunnu.edu.cn,官方文字已核（校级版式说明）_无图样,2016 年起该校自制版,不适用（页面只有设计元素示意，无证书成品图）,已核元素先后次序（校名→学位层次字样→授予信息与照片→底部证书编号→校长与授予日期）、规格横版 A4、三级代表色；无位置,2026-10-07,HTTP 206,发布主体为官方机构：湖南师范大学研究生院（校级官方发布）；URL 主机属官方渠道：yjsy.hunnu.edu.cn；核查状态不含出处未定标记：官方文字已核（校级版式说明）_无图样；原记录未载明链接无法取得正文,0,codex-20261007-v3,,,,,,,,
S182,index_published,C10,全国毕业证书式样（1994–1999 年）与学位证书格式（1998 年起统一印制期）,中华人民共和国教育部（政府门户网站）,教育部（原国家教委）毕业证书式样,"[""https://www.moe.gov.cn/s78/A15/s8355/moe_782/tnull_805.html""]",主管机构官网历史式样与证书鉴别说明,页面未标注发布日期（内容含 2000 年电子注册试点叙述）,2026-10-04,列出 1994–1999 年各层次毕业证书的使用期限、颜色、尺寸（毫米）与防伪措施，例如 1999 年始用的普通高校本（专）科毕业证书＝淡绿、235×165、专用水印纸、边框防复印纹案、内边线微缩字母、无色萤光防伪线；1998 年起三级学位证书由国务院学位委员会办公室统一印制：博士封面紫红、硕士藏蓝、学士墨绿，封面与内芯左侧均有国徽，右侧烫金方框，右上角为照片框；统一编号 12 位＝前 5 位单位代码＋第 6 位级别（博士 2、硕士 3、学士 4）＋第 7–8 位年度＋后 4 位序号；专业学位证书编号另加字母缩写（如工商管理硕士 S、法律硕士 F）,2000 年起毕业证书逐步改由高校自行印制、2016-01-01 起学位证书改由学位授予单位自行设计印制，本页所载规格只作版本沿革，不代表现行各校版式；不给现行证书图样与字段位置,官方文字已核（历史式样）_现行性不适用,毕业证书 1994–1999 年式样；学位证书 1998 版（统一印制期）,不适用（文字与表格，无图）,已核尺寸、颜色、防伪项与 12 位编号规则；无字段位置,2026-10-07,HTTP 200,发布主体为官方机构：中华人民共和国教育部（政府门户网站）；URL 主机属官方渠道：www.moe.gov.cn；核查状态不含出处未定标记：官方文字已核（历史式样）_现行性不适用；原记录未载明链接无法取得正文,0,codex-20261007-v3,,,,,,,,
S183,index_published,C11,全国大学生数学竞赛获奖证书（中国数学会主办）,中国数学会（竞赛主办单位）,全国大学生数学竞赛文件（第十八届竞赛通知）,"[""https://www.cms.org.cn/Uploads/20260702/35e54e88a20625150d47ca69b6aff1c6.pdf""]",主办单位官方文件（PDF，页码 6 页）,2026-07-02 上传（第十八届）,2026-10-04,奖项设置与证书印制主体：初赛奖按数学专业类（A/B）、非数学专业类（A/B）与高职高专类分别评奖，每个赛区获奖总名额不超过参赛人数 30%，其中一等奖不超过 6%、二等奖不超过 9%、三等奖不超过 15%，颁发“第十八届全国大学生数学竞赛*等奖”证书；初赛证书由中国数学会青年工作与大学生数学竞赛委员会统一印制，决赛证书由该委员会授权大连理工大学统一印制；另设优秀赛区组织奖牌、优秀院校组织奖牌与优秀指导教师／优秀组织者奖状,不给证书图样、尺寸、颜色、字号、签署人与编号规则；未说明“证书”与“奖状”的版式差异；不给获奖者姓名等个人字段的呈现方式,官方文字已核_证书图样未取得,第十八届（2026 年）,不适用（文字文件，无图）,已核奖项层级、获奖比例、证书名称写法与印制主体；无字段位置,2026-10-07,HTTP 206,发布主体为官方机构：中国数学会（竞赛主办单位）；URL 主机属官方渠道：www.cms.org.cn；核查状态不含出处未定标记：官方文字已核_证书图样未取得；原记录未载明链接无法取得正文,0,codex-20261007-v3,,,,,,,,
S184,index_published,C16,法律职业资格证书（A/B/C 三类）,司法部（国务院公报发布）,中华人民共和国司法部令（第146号）法律职业资格管理办法,"[""https://www.gov.cn/gongbao/content/2021/content_5588821.htm""]",部门规章（国务院公报）,2020-12-01 公布；2021-01-01 施行,2026-10-04,第四条 司法部负责法律职业资格的审核认定与证书制作颁发；第十二条 按考试成绩与是否享受放宽政策分 A、B、C 三类证书；第十四条 C 类持有人达到全国统一合格分数线后可申请换发 A 或 B 类并交回 C 类，原证书自作出新决定之日起失效；第十五条 A 类全国范围内有效，B、C 类适用范围由协调委员会确定；第十六条 法律职业资格证书采用纸质证书和电子证书两种形式，样式由司法部统一制定，两者具有同等法律效力；第十八条 纸质证书遗失、损毁可申请法律职业资格证明书，与证书具有同等法律效力,不给证书图样、字段清单、尺寸、字号与编号规则；不给 A／B／C 三类在证书上的标注方式；不给电子证书的载体与下载渠道,官方文字已核_证书图样未取得,2021-01-01 施行版,不适用（规章文本，无图）,已核证书类别、载体形式（纸质＋电子）、样式制定权与证明书制度；无字段位置,2026-10-07,HTTP 200,发布主体为官方机构：司法部（国务院公报发布）；URL 主机属官方渠道：www.gov.cn；核查状态不含出处未定标记：官方文字已核_证书图样未取得；原记录未载明链接无法取得正文,0,codex-20261007-v3,,,,,,,,
S185,index_published,C18,企业职工电子退休证明（山东省威海市市本级）,威海市人力资源和社会保障局,威海市人力资源和社会保障局关于启用企业职工电子退休证明（市本级）的通告,"[""https://rsj.weihai.gov.cn/art/2025/12/3/art_45565_6000285.html""]",市级人社部门官网通告（附样式图两张）,2025-12-03,2026-10-04,自 2025-12 起威海市市本级企业退休人员可申领电子退休证明，与原纸质退休证件具有同等效力；要素内容（官方文字）：底板以第三代社会保障卡水波纹为基础并增加 SDHRSS 底纹；标题“电子退休证明”为华文中宋，正文信息栏与注释信息栏为宋体；照片调取自社会保障卡照片；正文信息包括姓名、性别、身份证号码、退休时间（精确到年月）；加盖“威海市人力资源和社会保障局企业退休审批专用章”；注释含“此证明主要证明参加企业职工基本养老保险人员已符合待遇领取条件”“退休时间是指符合领取基本养老保险待遇条件时间”与查询时间；社保系统展示样式另有验真码及验真渠道,页面两个附件的样式图为 AI 技术合成图片（页面自注“样式照片为AI技术合成图片，仅用于本次展示使用”），**不得作为版式依据**；不给字段精确坐标、字号与尺寸；威海市口径不代表全省或其他市；电子件与 2016 版纸质退休证的版式差异未说明,官方文字已核（要素与字体）_样式图不可用,2025-12 起启用的电子退休证明（威海市本级）,页面附 2 幅图（AI 合成图，不可作依据）；正文为文字要素,已核要素清单、字体（标题华文中宋、正文宋体）、印章名称与注释三条；无位置,2026-10-07,HTTP 206,发布主体为官方机构：威海市人力资源和社会保障局；URL 主机属官方渠道：rsj.weihai.gov.cn；核查状态不含出处未定标记：官方文字已核（要素与字体）_样式图不可用；原记录未载明链接无法取得正文,0,codex-20261007-v3,,,,,,,,
S186,index_published,C18,企业职工退休证（陕西省安康市口径）,安康市人力资源和社会保障局,关于加强《企业职工退休证》发放管理工作的通知,"[""https://rsj.ankang.gov.cn/Content-246658.html""]",市级人社部门官网通知,2015-05-18 发文；2015-06-02 发布,2026-10-04,退休证字号规则：**发证单位名称＋年份＋4 位阿拉伯数字**，例如“安人社退证字20150001”；填写要求：有关内容用黑色墨水、写规范字体、数字统一用阿拉伯数字、相关时间须与退休审批表一致；证件无效情形：内容涂改、照片处未加盖发证部门钢印、最后一页未加盖公章的，《退休证》无效；此外遗失由本人书面申请、原发证部门核实后补发，办理不收费,不给证书图样、字段排布与字号；安康市口径不代表其他省市；“发证单位名称”的具体写法与钢印样式未给；本通知为 2015 年，其后是否调整未核,官方文字已核（市级口径）_版式待核,2015-05-01 起办理的安康市《企业职工退休证》,不适用（无样图）,已核字号规则（发证单位名称＋年份＋4 位数字）、填写要求与三类无效情形；无位置,2026-10-07,HTTP 206,发布主体为官方机构：安康市人力资源和社会保障局；URL 主机属官方渠道：rsj.ankang.gov.cn；核查状态不含出处未定标记：官方文字已核（市级口径）_版式待核；原记录未载明链接无法取得正文,0,codex-20261007-v3,,,,,,,,
SB20261005-PTH,identifier_only,C12,,,,,,,,,,,,,,2026-10-07,HTTP 200 ; HTTP 200,,,codex-20261007-v3,补证包证据绑定（不是新下载的外部核验）,见接入规则.json及实际文件哈希,不得扩大版次、赋码语义、真实机构与精确版式,2026-10-05（本地接收）,补证有限接入：C12,发布机构字段含非官方或内部补证/交接标记,,
SB20261005-TEACHER,identifier_only,C16,,,,,,,,,,,,,,2026-10-07,HTTP 200,,,codex-20261007-v3,补证包证据绑定（不是新下载的外部核验）,见接入规则.json及实际文件哈希,不得扩大版次、赋码语义、真实机构与精确版式,2026-10-05（本地接收）,补证有限接入：C16,发布机构字段含非官方或内部补证/交接标记,,
SB20261005-UNIT,identifier_only,C19,,,,,,,,,,,,,,2026-10-07,HTTP 206,,,codex-20261007-v3,补证包证据绑定（不是新下载的外部核验）,见接入规则.json及实际文件哈希,不得扩大版次、赋码语义、真实机构与精确版式,2026-10-05（本地接收）,补证有限接入：C19,发布机构字段含非官方或内部补证/交接标记,,
SB20261005-PERMIT-HK,identifier_only,C05,,,,,,,,,,,,,,2026-10-07,HTTP 206 ; HTTP 206,,,codex-20261007-v3,补证包证据绑定（不是新下载的外部核验）,见接入规则.json及实际文件哈希,不得扩大版次、赋码语义、真实机构与精确版式,2026-10-05（本地接收）,补证有限接入：C05,发布机构字段含非官方或内部补证/交接标记,,
SB20261005-PERMIT-TW,identifier_only,C05,,,,,,,,,,,,,,2026-10-07,HTTP 206 ; HTTP 206,,,codex-20261007-v3,补证包证据绑定（不是新下载的外部核验）,见接入规则.json及实际文件哈希,不得扩大版次、赋码语义、真实机构与精确版式,2026-10-05（本地接收）,补证有限接入：C05,发布机构字段含非官方或内部补证/交接标记,,
SB20261005-ICAO,identifier_only,C04/C05/C06/E02/E03,,,,,,,,,,,,,,2026-10-07,HTTP 206 ; HTTP 206 ; HTTP 206,,,codex-20261007-v3,补证包证据绑定（不是新下载的外部核验）,见接入规则.json及实际文件哈希,不得扩大版次、赋码语义、真实机构与精确版式,2026-10-05（本地接收）,补证有限接入：C04/C05/C06/E02/E03,发布机构字段含非官方或内部补证/交接标记,,
SB20261005-C18-APP,identifier_only,C18,,,,,,,,,,,,,,2026-10-07,HTTP 206,,,codex-20261007-v3,补证包证据绑定（不是新下载的外部核验）,见接入规则.json及实际文件哈希,不得扩大版次、赋码语义、真实机构与精确版式,2026-10-05（本地接收）,补证有限接入：C18,发布机构字段含非官方或内部补证/交接标记,,
SB20261005-CN-IMAGES,identifier_only,C04/C06,,,,,,,,,,,,,,2026-10-07,HTTP 200 ; HTTP 200,,,codex-20261007-v3,补证包证据绑定（不是新下载的外部核验）,见接入规则.json及实际文件哈希,不得扩大版次、赋码语义、真实机构与精确版式,2026-10-05（本地接收）,补证有限接入：C04/C06,发布机构字段含非官方或内部补证/交接标记,,
SB20261005-US-IMAGES,identifier_only,E02/E03,,,,,,,,,,,,,,2026-10-07,HTTP 206,,,codex-20261007-v3,补证包证据绑定（不是新下载的外部核验）,见接入规则.json及实际文件哈希,不得扩大版次、赋码语义、真实机构与精确版式,2026-10-05（本地接收）,补证有限接入：E02/E03,发布机构字段含非官方或内部补证/交接标记,,
SV5-P01-I01,identifier_only,C19,,,,,,,,,,,,,,2026-10-07,HTTP 200 ; HTTP 206 ; HTTP 206,,,codex-20261007-v3,官方文字/图样摘录；具体层级见结构记录,表头填写格式＝省（自治区、直辖市）简称 ＋（登记年度）＋ 登记机构所在市／县（区）名称 ＋「不动产权第」＋ 年度发证顺序号 ＋「号」。；顺序号一般为 7 位，码值区间 0000001～9999999；生成时按 7 位零填充。；与表头并列的另两组号码须区分、不得混用：证书「编号」（页底 No …）＝印制流水号；不动产单元号＝28 位七层编码（前批已补）。；可执行的异常关系（草案）：①表头顺序号位数与零填充不符；②登记年度晚于登记日期所在年；③表头中的行政区划与「坐落」栏城市不一致。,部级《单一版不动产权证书样式及使用填写说明》附件原文未取得（国土资发〔2015〕25号正文只写“见附件”，转载体未附）。；「编号」＝D＋11 位（前 2 位省份代码＋后 9 位顺序码）只见于上海浦东地方问答，未在部级或跨省材料复核，标待核。,2026-10-06（仅本地接收）,C19-property；表头「（　）不动产权第　号」的完整填写口径,发布机构字段含非官方或内部补证/交接标记；核查状态含出处未定标记 本地接收（本地接收；不把包内状态当生成批准）：不按官方来源公开详情,,
SV5-P01-I02,identifier_only,C19,,,,,,,,,,,,,,2026-10-07,HTTP 206,,,codex-20261007-v3,官方文字/图样摘录；具体层级见结构记录,本项目 C19 取单一版证书有部级出处；不采用集成版。；「登记机构（章）」应为「不动产登记专用章」且为圆形；印章大小**不在**可主张范围内。,印章直径、印文排列、颜色（除“圆形”外）无依据。,2026-10-06（仅本地接收）,C19-property；印章与版本：证书须加盖「不动产登记专用章」（圆形）；单一版／集成版,发布机构字段含非官方或内部补证/交接标记；核查状态含出处未定标记 本地接收（本地接收；不把包内状态当生成批准）：不按官方来源公开详情,,
SV5-P01-I03,identifier_only,C18,,,,,,,,,,,,,,2026-10-07,HTTP 206,,,codex-20261007-v3,官方文字/图样摘录；具体层级见结构记录,附件 2 可见行只有 11 行：打印时间／姓名／性别／照片／证件类型／证件号码／社会保障号码／退休时间／出具机构（电子签章）／验真码／注意事项（3 条）。；其中**没有「验真渠道」行**——官方文字主张存在该要素，但所附示例未排出该行，属“已主张、未公开示样”。；注意事项 3 条为卡面固定文字，可逐字使用；验真码示例 `FSSFSdsdwsw982c` 经计数为 15 个字符，**不认定固定 16 位**。；泰安市附件 2 的「验真二维码」行**不得**继承为威海口径。,「验真渠道」的表现形式（文字／二维码／网址）无任何线索；若第二部分要该行，只能向威海人社部门索取或改用泰安口径并显式标注为跨市。,2026-10-06（仅本地接收）,C18-system；威海系统展示样式的「验真渠道」具体行,发布机构字段含非官方或内部补证/交接标记；核查状态含出处未定标记 本地接收（本地接收；不把包内状态当生成批准）：不按官方来源公开详情,,
SV5-P01-I04,identifier_only,C17,,,,,,,,,,,,,,2026-10-07,HTTP 200 ; HTTP 200 ; HTTP 206,,,codex-20261007-v3,官方文字/图样摘录；具体层级见结构记录,版本：现行＝教发厅〔2008〕2号版（2008-09-01 启用）；2004 版只作版本沿革，两版**字段集合与编号规则均不同**。；字段 12 项（2008 版）：名称／地址／校长／举办者／学校类型／办学内容／主管部门／发证机关／有效期限／备注／年度检查情况／编号。；编号 15 位：第 1 位发证机关代码（0 教育部／1 地方）；第 2–7 位行政区划代码；第 8 位学校类型代码（0 本科／1 高职高专／2 其他高等教育机构／3 普通高中或中等职业学校／4 普通初中或职业初中／5 小学／6 幼儿园／7 培训学校／8 其他）；第 9–14 位学校排序；第 15 位学校性质代码（0 不要求合理回报／1 要求合理回报）。；可见面：正本＋副本；正本须置于主要办学场所；内容变更换发正副本。；许可主体／签发机关＝审批机关（县级以上教育行政部门；职业技能类由县级以上劳动和社会保障行政部门审批并抄送同级教育行政部门备案）。；可执行异常关系（草案）：①第 8 位学校类型代码与「学校类型」文字不一致；②第 15 位为 1 但「备注」未写“要求取得合理回报”（或反之）；③有效期限早于发证之日；④编号位数非 15。,两通知都写“式样见附件”，教育部页面未附对应图样 → 字段排布、字号、底色、印章形态仍缺。；上海办法中的“有效期一般不超过 6 年／3 年”是地方细则，不得当全国口径。,2026-10-06（仅本地接收）,C17-school；办学许可证的版本、许可主体、可见面、完整字段与编号规则,发布机构字段含非官方或内部补证/交接标记；核查状态含出处未定标记 本地接收（本地接收；不把包内状态当生成批准）：不按官方来源公开详情,,
SV5-P01-I05,identifier_only,E01,,,,,,,,,,,,,,2026-10-07,HTTP 200 ; HTTP 200,,,codex-20261007-v3,官方文字/图样摘录；具体层级见结构记录,版本口径：加州 DL／ID 自 2025-10-01 起为新版设计，旧版继续有效至到期——建规格时应写明取哪一版。；背面（原文主语为 “the new cards”，含 ID）：两条条码，其中一条带数字安全签名；取消磁条。；卡种：REAL ID／Standard／老年卡三类；Standard 有效期＝申请日起第 6 个生日，老年卡＝第 8 个生日；自 2025-05-07 起 Standard 不能用于登机或进入联邦设施。,**ID 卡正面字段与抬头仍未取得**：官网未公开 ID 卡样图。新闻稿配图 `New-Card-design.jpg` 经辨认抬头为「DRIVER LICENSE」，是驾照样卡，不能当 ID 卡依据。；ID 卡上是否有 4a ISS、9／9a／12 等驾照专用项，无依据。,2026-10-06（仅本地接收）,E01-us；加州身份证明卡的版本、卡种、有效期与新版背面特征,发布机构字段含非官方或内部补证/交接标记；核查状态含出处未定标记 本地接收（本地接收；不把包内状态当生成批准）：不按官方来源公开详情,,
SV5-P01-I06,identifier_only,E05,,,,,,,,,,,,,,2026-10-07,HTTP 200 ; URLError [SSL: CERTIFICATE_VERIFY_FAILED] certificate verify failed: unable to get local issuer certificate (_ssl.c:1010),,,codex-20261007-v3,官方文字/图样摘录；具体层级见结构记录,长号＝16 位数字（card number／ISO number，S4）；短号＝8 或 9 位数字（EMPL／student ID number，S2）；两个号都印在卡上。；两号的取值来源与长度不同，可分别构成 clean／subtle／strong 的字段对象，不必再推定“9 位够不够”。；短号对外使用受限（S2），长号属受限数据（S4）——生成时只做虚构值，不主张与真实账户对应。,卡面版式、图案、字段位置、字号无依据（无样图）。；有效期字段不写（本批维持“不加未核有效期”）。；“8 位还是 9 位”与卡种（学生／员工）的对应关系，原文只写 “staff or student eight or nine-digit”，未逐类拆分。,2026-10-06（仅本地接收）,E05-us；BuckID 短号与长号的位数与字符格式,发布机构字段含非官方或内部补证/交接标记；核查状态含出处未定标记 本地接收（本地接收；不把包内状态当生成批准）：不按官方来源公开详情,,
SV5-P01-I07,identifier_only,E05,,,,,,,,,,,,,,2026-10-07,HTTP 200 ; HTTP 200,,,codex-20261007-v3,官方文字/图样摘录；具体层级见结构记录,卡面固定文字（clean 档可用）：校徽 ＋「THE UNIVERSITY of EDINBURGH」；另有同字样的重复底纹。；图书馆号以「Library＋数字」与一维条码同排印制；官网示例值 `[实物号码已去标识]` 为 14 位数字（**示例值，不是位数规则**）。；持卡人照片在卡面上（示例图中已遮盖，项目内不保留人像）。,学号（UUN）与考试号的字符格式仍未取得。；图书馆号的位数规则未取得（只有 1 个示例值）。；**有效期：仍无任何官方表述**，继续标“不写有效期”。；卡片尺寸、材质、颜色、字号无依据；示例图未注明版本年份。,2026-10-06（仅本地接收）,E05-uk；爱丁堡大学卡的固定文字、图书馆号示例值与有效期,发布机构字段含非官方或内部补证/交接标记；核查状态含出处未定标记 本地接收（本地接收；不把包内状态当生成批准）：不按官方来源公开详情,,
SV5-P01-I08,identifier_only,E10,,,,,,,,,,,,,,2026-10-07,HTTP 200,,,codex-20261007-v3,官方文字/图样摘录；具体层级见结构记录,随身卡（pocket card）**已停止核发**——本辖区“随身载体”不存在，实体只能取挂墙证书或 20 美元状态确认信。；挂墙证书仍在核发、可补发（与 S062 一致）；无宽限期，续期提醒在到期前约 3 个月。；可执行异常关系（草案）：到期日后仍标注为有效（无宽限期）。,**挂墙证书的字段清单仍未取得**：证书上是否印执照号、签发日、到期日，无依据，“核执照号和日期实际存在性”维持未核。；20 美元确认信的内容与格式未说明。,2026-10-06（仅本地接收）,E10-brn；随身载体是否仍在核发；挂墙证书与确认信的关系,发布机构字段含非官方或内部补证/交接标记；核查状态含出处未定标记 本地接收（本地接收；不把包内状态当生成批准）：不按官方来源公开详情,,
SV5-P01-I09,identifier_only,E10,,,,,,,,,,,,,,2026-10-07,HTTP 200,,,codex-20261007-v3,官方文字/图样摘录；具体层级见结构记录,两种实体确实同时存在（挂墙证书＋随身执照卡），发证、续期、增类、恢复／停用时各发一次。；补订 25 美元／份，须由业主、合伙人或公司高级职员签署申请；停用状态下须先解除停用。；停用期间续期只寄信函、不发随身卡。,两载体的字段清单、版式、样图，以及**执照号的字符格式与日期是否印制**，全部仍缺。；下一步线索：CSLB 申请表《Application to Order Wall Certificate or Pocket License》PDF 与 CSLB 执照核发／续期规则条文（本次未取得）。,2026-10-06（仅本地接收）,E10-cslb；挂墙件或随身卡的字段、号格式与日期,发布机构字段含非官方或内部补证/交接标记；核查状态含出处未定标记 本地接收（本地接收；不把包内状态当生成批准）：不按官方来源公开详情,,
SV5-P01-I10,identifier_only,E10,,,,,,,,,,,,,,2026-10-07,HTTPError 403 Forbidden ; HTTPError 403 Forbidden,,,codex-20261007-v3,官方文字/图样摘录；具体层级见结构记录,**GMC 自 2024-09-26 起不再签发注册证书**——实体只能是①在线注册名录条目，或②CGS／CCPS；不得再按“注册证书”建规格。；CGS／CCPS 官方明列 5 项：当前注册与执照状态／注册历史／身份识别信息（含全名与 **GMC number**）／是否被限制、暂停或撤销／执业适格信息。→ **号确实印在证上**。；签发语言英文；有效期自签发起 3 个月；自 2020-09 起只直接发给另一医疗监管机构。,**固定状态表述的逐字写法**仍未取得（本页只给状态类别）。；**GMC number 的位数／字符格式**未取得，不得推定。；版式、尺寸、防伪、样图无依据；签发日是否印在证书正文无依据。；既有 S063（proof of entry 页）本次被 GMC 的 “Security Check” 拦截页挡住，未取得正文，S063 结论保持不变。,2026-10-06（仅本地接收）,E10-gmc；在册证明的载体、内容字段与号是否印在证上,发布机构字段含非官方或内部补证/交接标记；核查状态含出处未定标记 本地接收（本地接收；不把包内状态当生成批准）：不按官方来源公开详情,,
SV5-P01-I11,identifier_only,E10,,,,,,,,,,,,,,2026-10-07,HTTP 200 ; HTTP 200,,,codex-20261007-v3,官方文字/图样摘录；具体层级见结构记录,载体＝**单页 PDF**，在线账户自助下载（非纸质、非邮寄）。；内容范围：个人信息／当前注册状态／注册记录（含**签发当日**的执业限制）。；注册号格式＝职业代码字母（2–3 位）＋最多 6 位数字；官方示例 `PH123456`、`PYL123456`。；可执行异常关系（草案）：注册号前缀字母与「注册类别」不一致；尾段数字超过 6 位。,PDF 正文是否逐项印出姓名、注册类别、日期，仍无逐字清单，不得写成“印有姓名与到期日”。；版式、字号、防伪、样图无依据。,2026-10-06（仅本地接收）,E10-hcpc；注册状态确认件的载体、内容范围与注册号格式,发布机构字段含非官方或内部补证/交接标记；核查状态含出处未定标记 本地接收（本地接收；不把包内状态当生成批准）：不按官方来源公开详情,,
SV5-P01-I12,identifier_only,E10,,,,,,,,,,,,,,2026-10-07,HTTP 200 ; URLError [SSL: UNEXPECTED_EOF_WHILE_READING] EOF occurred in violation of protocol (_ssl.c:1010),,,codex-20261007-v3,官方文字/图样摘录；具体层级见结构记录,PIN 是**唯一注册代码**，可由持证人向使用者提供；首选用 PIN 检索。；名录结果页的展示项可用于交叉核对（姓名／注册状态／地区／到期日／注册条目／起始日期／已记录资格）。,**PIN 的位数与字符集仍未取得官方表述**（第三方页与听证结果 PDF 均不采用）。；**CCPS 的 PDF 正文逐字内容未取得**：签发日与接收机构是否印在正文，标**不能验证**。；既有来源 S176 已覆盖 CCPS 的内容清单与签发方式，本项不重复计证。,2026-10-06（仅本地接收）,E10-nmc；NMC Pin 的字符格式；签发日与接收机构是否实际印制,发布机构字段含非官方或内部补证/交接标记；核查状态含出处未定标记 本地接收（本地接收；不把包内状态当生成批准）：不按官方来源公开详情,,
SV5-P02-I01,identifier_only,C03,,,,,,,,,,,,,,2026-10-07,HTTP 200,,,codex-20261007-v3,官方文字/图样摘录；具体层级见结构记录,可见字段集合（第三十九条）：结婚证字号／姓名／性别／出生日期／身份证件号／国籍／登记日期／婚姻登记员（亲笔签名）／照片（双方合影）／登记机关（红印）／备注。；结婚证字号＝J＋6 位行政区划代码＋「—」＋4 位年号＋「—」＋6 位当年序号；离婚证 L 开头、补发结婚证 BJ、补发离婚证 BL；乡镇办理时行政区划代码为 9 位（县级 6 位＋3 位乡镇代码）。；「结婚证印制号」＝证书上印制的号码，与「结婚证字号」是两个不同字段，两个都要填在《结婚登记审查处理表》上——即印制号与字号在《审查处理表》上同页可查。；印章形态：业务专用印章与钢印均为圆形、直径 35mm；钢印加盖于照片与结婚证骑缝处；登记机关栏盖红印。；可执行异常关系（草案）：①结婚证字号与《审查处理表》不一致；②登记日期与《审查处理表》不一致；③字号中的行政区划代码与登记机关名称不符；④照片与证件骑缝处无钢印；⑤「婚姻登记员」呈打印体或印章体（规范明文要求亲笔签名）；⑥当事人年龄未达第 28 条门槛（男 22／女 20 周岁，生日当天可受理）。,《婚姻登记工作规范》**没有给出结婚证的「法律声明」全文**：v4 清单里要的「当页完整法律声明」在现行规范中不存在，2004 年旧件文字不得套用。；不给物理版面：哪一页印哪些字段、页序、监制字样、字体字号、纸张与防伪。；「结婚证印制号」的位数与编码规则未给（只说明它是证书上印制的号码）。；仍无任何公开样张（空白或脱敏实样）。,2026-10-06（仅本地接收）,C03-main；2025 规范下结婚证的可见字段、字号规则、印章与钢印,发布机构字段含非官方或内部补证/交接标记；核查状态含出处未定标记 本地接收（本地接收；不把包内状态当生成批准）：不按官方来源公开详情,,
SV5-P02-I02,identifier_only,C07,,,,,,,,,,,,,,2026-10-07,HTTP 200 ; HTTP 200 ; HTTP 200,,,codex-20261007-v3,官方文字/图样摘录；具体层级见结构记录,正面（有官方文字依据）：国徽／卡名「中华人民共和国社会保障卡」／隐蔽磁条。；背面：持卡人姓名、社会保障号码、持卡人相片、发卡机构标识（发卡单位）、银联标识、银行卡卡号、服务电话、芯片、人力资源社会保障部门印章。；第三代相对第二代的新增（有官方文字依据）：背面增加**非接触读卡标识**与**防伪折光水印**；背面另有**「第三代社会保障卡号」**与**「发卡日期」**字样（北京口径）。；第三代由「单一接触式」升级为「接触式＋非接触式」，功能含身份凭证、信息记录、自助查询、缴费和待遇领取、就医结算、金融支付、其他拓展七类。；可执行异常关系（草案）：①背面出现「防伪折光水印」字样但描述为第一／二代版式；②社会保障号码与公民身份号码位数/校验不自洽；③发卡日期晚于卡面标注的有效期起点。,**卡面字段的排布位置、字号、颜色、底纹未取得**：官方文字只到「正面／背面」这一粒度。；**银行卡卡号的取值格式（位数、前缀、可否校验）未取得**——三处来源都只说「银行卡卡号」四个字；生成时按虚构卡号处理并标内部约定。；**未取得任何官方发布的第三代卡面样图或卡面样式附件**；第二代与第三代的差异只有文字层。广州人社发布页的「正面图／背面（个人信息面）对比图」经下载辨认**是启动仪式现场照片**（含人像、卡面过小有角度），**不作版式依据、未入库**。；2011 年办法是第一／二代口径，「隐蔽磁条」是否仍属第三代未核。,2026-10-06（仅本地接收）,C07-main；第三代社保卡正／背面要素与第三代相对第二代的新增项,发布机构字段含非官方或内部补证/交接标记；核查状态含出处未定标记 本地接收（本地接收；不把包内状态当生成批准）：不按官方来源公开详情,,
SV5-P02-I03,identifier_only,C11,,,,,,,,,,,,,,2026-10-07,HTTP 206,,,codex-20261007-v3,官方文字/图样摘录；具体层级见结构记录,证书名称逐字写法（clean 档固定文字）：初赛＝`第十八届全国大学生数学竞赛 *等奖`；决赛＝`第十八届全国大学生数学竞赛决赛 *等奖`（*＝一／二／三）。；签发与印制主体：中国数学会青年工作与大学生数学竞赛委员会（初赛证书统一印制）；决赛证书由其授权承办高校统一印制（本届为大连理工大学）。；等级与名额上限：一等奖 ≤6%、二等奖 ≤9%、三等奖 ≤15%、合计 ≤30%（按赛区实际参赛人数）。可作为「等级—人数」类异常的比例校验。；类别维度：数学专业类（A／B）、非数学专业类（A／B）、高职高专类。；赛务系统内确实存在姓名、性别、身份证号码、学校、专业、初赛编号——说明这些信息有来源，但**不等于印在证书上**。,**证书图样与字段清单一律未取得**：姓名／学校／年份／签发日期是否印在证书上、排在何处，均无依据。；**是否印分数：未取得**（文件只有「按成绩排名」，不能推出印分数）。；**证书编号规则未取得**（文件未提证书编号；「初赛编号」是赛务编号，不等同）。；**签署人：未取得**。证书名称随届次变化，**不得跨届套用**。,2026-10-06（仅本地接收）,C11-award；数学竞赛证书的名称、签发与印制主体、奖项等级与比例,发布机构字段含非官方或内部补证/交接标记；核查状态含出处未定标记 本地接收（本地接收；不把包内状态当生成批准）：不按官方来源公开详情,,
SV5-P02-I04,identifier_only,C13,,,,,,,,,,,,,,2026-10-07,HTTP 206,,,codex-20261007-v3,官方文字/图样摘录；具体层级见结构记录,正页字段（电子版有样证）：驾驶证基本信息（姓名、准驾车型、累积记分、初次领证日期、状态、证号、性别、出生日期、国籍、档案编号、有效期限）＋照片＋二维码＋一维码＋电子证生成时间。；副页字段（电子版有样证）：住址、发证机关、记录（驾驶记录）、准驾车型代号规定（16 条固定文字已逐字取得）。；**有效期限的印刷格式**：`2013-04-18 至 2023-04-18` —— 起止两日期并列、YYYY-MM-DD、中间「至」。；档案编号样证值 `[实物号码已去标识]`，**12 位数字**（示例值，不写成位数规则）。；「记录」栏的日期写法为中文年月日，如「C1自2007年4月18日起」。；准驾车型代号规定 16 条（A1／A2／A3／B1／B2／C1／C2／C3／C4／C5／D／E／F／M／N／P）逐字文本可作 clean 档固定文字。,取得的是**电子驾驶证（2021 年版式，样证生成时间 2021-09-01）**，**纸质驾驶证（GA 482-2026）的正／副页面别归属仍未取得**，不得把电子版结构写成纸质件结构。；**「准予驾驶机动车听力辅助条件」未在样证上出现**：是否为条件字段、印在哪一页，**无依据**。；纸质件的核发机关印章位置与样式未取得（电子版以数字签名／电子签章替代）。；卡片尺寸、字体字号、防伪工艺、二维码与一维码编码规则无依据；样证为虚构数据，不得据此写真实编码规则。GA 482-2026 正文不公开，维持「不能验证」。,2026-10-06（仅本地接收）,C13-main；驾驶证正／副页字段归属、有效期限印刷格式、档案编号与听力条件,发布机构字段含非官方或内部补证/交接标记；核查状态含出处未定标记 本地接收（本地接收；不把包内状态当生成批准）：不按官方来源公开详情,,
SV5-P02-I05,identifier_only,C14,,,,,,,,,,,,,,2026-10-07,HTTP 200,,,codex-20261007-v3,官方文字/图样摘录；具体层级见结构记录,签发与监制：由车辆管理所在注册登记时核发；**式样由公安部统一制定并监制**，制作须符合有关标准（式样本身不公开）。；签注事项名称清单（可作签注页标签候选）：变更事项／备案事项／转让事项／转让待出口事项／转入信息／抵押登记（内容＋日期）／解除抵押登记（内容＋日期）／质押备案（内容＋日期）／解除质押备案（内容＋日期）／更正。；补领换领后原证书作废，不得继续使用。；可执行异常关系（草案）：①签注日期早于注册登记日期；②有「解除抵押登记」却无对应「抵押登记」；③有「转让待出口」签注但车辆仍在境内正常使用；④同一车辆同时存在两本有效登记证书。,**页序／面别一律未取得**：本规章不含封面、信息页、签注页的页序与版面，也不含任何字段位置。；车辆信息在证书上的具体标签文字与位置未取得；**登记证书编号规则未取得**。；GA/T 946.2（机动车登记信息采集和签注）正文未取得（只有第三方条目页，不采用）。；未取得公开的登记证书封面与信息页样张。,2026-10-06（仅本地接收）,C14-main；登记证书的式样制定权与签注事项名称,发布机构字段含非官方或内部补证/交接标记；核查状态含出处未定标记 本地接收（本地接收；不把包内状态当生成批准）：不按官方来源公开详情,,
SV5-P02-I06,identifier_only,C16,,,,,,,,,,,,,,2026-10-07,"HTTP 200 ; HTTPError 302 The HTTP server returned a redirect error that would lead to an infinite loop.
The last 30x error message was:
Moved Temporarily",,,codex-20261007-v3,官方文字/图样摘录；具体层级见结构记录,版本口径：现行＝司法部令第146号（2021-01-01 施行）；2002 年第74号办法**同时废止**——「正本／副本」「年度备案持副本」属**旧口径**，只作版本沿革。；类别标注：证书分 A／B／C 三类，颁发条件与适用范围有明文（A 全国有效；B／C 适用范围由协调委员会确定）。；载体：纸质证书＋电子证书，同等法律效力；**样式由司法部统一制定**（样式本身未公开）。遗失损毁可办「法律职业资格证明书」，同等效力。；颁发时限：作出授予决定起 10 个工作日内。；可执行异常关系（草案）：①标 B 类却声称全国有效；②类别与「是否享受放宽政策」说明不自洽；③同一人同时持有已交回并失效的 C 类与新授 A／B 类证书。,**证书图样与字段清单一律未取得**：姓名、号码、日期、机关、类别标注在证面上的位置与写法均无依据。；**编号规则未取得**：2002 年办法即写「编号办法另行规定」，本次未检索到该编号办法的公开文本；证书编号位数与含义仍缺。；A／B／C 在证面上是字样、字母还是颜色区分，未取得；电子证书的载体形式未取得。；SF/T 0165-2024《法律职业资格证书电子证照标准》未取得官方发布页与正文（只有第三方条目页，不采用）。,2026-10-06（仅本地接收）,C16-legal；法律职业资格证书的类别、载体、样式制定权与版本,发布机构字段含非官方或内部补证/交接标记；核查状态含出处未定标记 本地接收（本地接收；不把包内状态当生成批准）：不按官方来源公开详情,,
SV5-P02-I07,identifier_only,E04,,,,,,,,,,,,,,2026-10-07,HTTP 200 ; HTTP 206 ; UnicodeEncodeError 'ascii' codec can't encode character '\u2013' in position 108: ordinal not in range(128),,,codex-20261007-v3,官方文字/图样摘录；具体层级见结构记录,**版本口径需修正**：CDPH-VR 现行（2023-08）表格清单中，婚姻类是 VS 117《License **and** Certificate of Marriage》版本 **01/10**、VS 117B(e)《Application for License to Marry》版本 01/09；清单中**没有出现**项目现记的「VS117Be（01/2015）」。；**成品与申请件是两个载体**：VS 117 是「许可与证书合一」的成品；VS 117B(e) 是单独的申请表（仅电子表）。项目若要「成品证书联」，对应 VS 117，不是 117B。；县级编号段（圣马特奥县，2026 年现行页面）：见证人 26A–26C／27A–27C（仅公开婚姻许可）；主婚人证明 28A（结婚日期）／28B（城市或镇）／28C（**县**）／29A–29E（主婚人签名、派别、全名、头衔、地址）；**30A–32C 为机关专用栏**。与项目现依 2015 版所记编号段（23、24 签名；25–28 签发信息）**不一致**，进一步支持「该表式已改版」。；流程规则：许可有效期为签发日起 **90 天**、全州通用；仪式后 **10 日内**交回登记；须深色墨水填写、不得有涂改／修正液／污损；登记不合格须重发副本且原签名由电子签名替代。；可执行异常关系（草案）：①结婚日期早于许可签发日或超出签发日起 90 天；②28C 填成国家而非县；③30A–32C 出现当事人笔迹；④公开婚姻许可无任何见证人签名。,**仍无成品证书联（VS 117）的公开样张或字段清单**：字段排布、字号、签署栏位置、是否印许可编号与签发县名，均未取得。；圣马特奥县的编号段是**一县做法**，与其他县以及项目既选参考县是否一致未核；该县页面亦未注明所依据的表式版本号。；许可编号的位数与格式仍未取得。；CDPH《Marriage Registration Handbook》2024 版（含官方字段填写指南）须申请 Extranet 访问 → 标**不能验证**，不再列为待办。,2026-10-06（仅本地接收）,E04-us；加州婚姻证件的表号与版本口径、成品与申请件的区分,发布机构字段含非官方或内部补证/交接标记；核查状态含出处未定标记 本地接收（本地接收；不把包内状态当生成批准）：不按官方来源公开详情,,
SV5-P02-I08,identifier_only,E07,,,,,,,,,,,,,,2026-10-07,HTTPError 403 Forbidden,,,codex-20261007-v3,官方文字/图样摘录；具体层级见结构记录,奖项两种，官方名称逐字：`President's Award for Academic Excellence`（**Gold Seal**）与 `President's Award for Academic Achievement`（**Silver Seal**）；各另有「No Border」（无边框）版本。；载体：全部材料**仅数字格式**；两种证书都是 **Acrobat 可编辑**的 PDF（即证书为填充式模板，姓名等为可填字段）。；年份标注：材料按年度发布，标题含年份（本页 2026）。；官方材料构成：证书（金／银）＋白宫使用规范信＋总统与教育部长的致贺信；实物周边（徽章、绶带、证书夹）由 NAESP 页面另售。,**证书模板 PDF 正文未取得**：本机直连下载四份证书与三份信件**全部 HTTP 403**，因此证书上的姓名栏、标题逐字、正文段落、签署人是否印在证书上，**均无依据**。；**「总统与教育部长」出现在致贺信上**，不得据此写成「证书上印有总统与教育部长签署」。；评奖标准未取得（本轮未打开 FAQ 页，不得凭印象写标准）；证书编号规则未取得；版式无依据。；下一步线索：改用浏览器打开 ed.gov 的四份证书 PDF；或打开 PEAP 的 FAQ 页取评奖标准。,2026-10-06（仅本地接收）,E07-us；PEAP 证书模板的存在性、奖项名称与材料构成,发布机构字段含非官方或内部补证/交接标记；核查状态含出处未定标记 本地接收（本地接收；不把包内状态当生成批准）：不按官方来源公开详情,,
SV5-P02-I09,identifier_only,E07,,,,,,,,,,,,,,2026-10-07,URLError [SSL: UNEXPECTED_EOF_WHILE_READING] EOF occurred in violation of protocol (_ssl.c:1010),,,codex-20261007-v3,官方文字/图样摘录；具体层级见结构记录,,UKMT 官网在本次访问时返回**机器人检测页**，正文未取得；E07-uk 的原有缺口（证书样图、是否印分数、徽章呈现方式、是否有塑封／签名／印章、证书编号）**全部保留**。；下一步线索（不作依据）：`sites.google.com/ukmt.org.uk/challengehandbook/*`（UKMT 竞赛手册）、改用浏览器打开 ukmt.org.uk 的 Junior／Intermediate Challenge Awards 三个页面。,2026-10-06（仅本地接收）,E07-uk；UKMT（JMC）证书的名称、是否印分数、徽章与固定文字,发布机构字段含非官方或内部补证/交接标记；核查状态含出处未定标记 本地接收（本地接收；不把包内状态当生成批准）：不按官方来源公开详情,,
SV5-P03-I01,identifier_only,E07,,,,,,,,,,,,,,2026-10-07,URLError [SSL: UNEXPECTED_EOF_WHILE_READING] EOF occurred in violation of protocol (_ssl.c:1010),,,codex-20261007-v3,官方文字/图样摘录；具体层级见结构记录,证书四种：Gold／Silver／Bronze certificate ＋ Certificate of Participation。JMC 与 IMC 发给前 50%、SMC 发给前 66%，Gold／Silver／Bronze 之比为 3:2:1。；Best in Year／Best in School 以**徽章（badge）**形式标在**证书上**（官方原文 “a badge to denote this on their certificates”）。；**证书上印学生姓名**（可更正，更正后证书自动重新生成）与**学校名称**（学校可另设“证书上显示的校名”）。；**载体为在线电子件**：证书只在 Competition Profile 提供下载、**不邮寄**；「是否塑封」不适用。跟进轮邀请函外观与证书相似，两者不可混用。；JMC 评分：满分 **135**；1–15 题每题 5 分、16–25 题每题 6 分；**答错不扣分**；空题为 0 分。分数线（2026）：Gold 75+／Silver 59+／Bronze 47+；Junior Kangaroo 80+、Junior Olympiad 112+。；JMC 页给出 **1997–2025 逐年**阈值表（Bronze／Silver／Gold 与 Kangaroo／Olympiad 资格线），2025 年为 54／73／91／100／125。；可执行异常关系（草案）：①证书等级与当年分数线不自洽（分数区间与等级对不上）；②同一学校同年出现两套校名写法；③跟进轮邀请函被当成证书使用。,**证书上是否印分数：仍未取得依据**——三页只给「证书分数线」与评分规则，手册只讲到姓名与校名可改；维持「不得自行加印分数」。；**证书正文与版式仍未取得**：不给标题逐字、正文段落、字体字号、颜色、边框与徽章图案（交回的 PDF 是网页打印件，未含证书图样；对 JMC 那份做字节级检索未发现可提取的内嵌图版）。；**证书编号规则仍未取得**（手册中的 “Competition prefix（如 jmc）” 是平台账号筛选前缀，不是证书编号）。；签署人与印章无依据（现行为在线电子件）。IMC 与 SMC 的规则不得套用到 JMC。,2026-10-06（仅本地接收）,E07-uk；UKMT JMC 证书的类别与比例、徽章、卡面字段（姓名／校名）、载体、评分与分数线,发布机构字段含非官方或内部补证/交接标记；核查状态含出处未定标记 本地接收（本地接收；不把包内状态当生成批准）：不按官方来源公开详情；其中 1 个第三方主机链接不公开,,
SV5-P04-I01,identifier_only,E07,,,,,,,,,,,,,,2026-10-07,HTTPError 403 Forbidden ; HTTPError 403 Forbidden,,,codex-20261007-v3,官方文字/图样摘录；具体层级见结构记录,"证书字段集合（金／银一致）：顶部项目名 `President's Education Awards Program`；中央圆形徽记（环文含奖项名，金／银各自不同）；`presented to`；学生姓名；`in recognition of`；奖项短语；年份；两个签名位（职务标注＝U.S. Secretary of Education 与 President of the United States）；校长姓名；学校名称；细双线边框；淡波浪纹底纹。；**三个可填字段**＝学生姓名（`First, Last Name`）／校长姓名（`Principal Name`）／学校名称（`School Name`）——渲染图与 PDF 表单文字层互相印证。；**签署人组合**：证书上确有两个签名图形，职务标注为**美国教育部长**与**美国总统**；两处**只标职务、不印姓名**。；奖项短语与徽记环文必须一致：金＝`Outstanding Academic Excellence`／`AWARD FOR EDUCATIONAL EXCELLENCE`；银＝`Outstanding Academic Achievement`／`AWARD FOR EDUCATIONAL ACHIEVEMENT`。；年份单列于奖项短语下方（本版为 `2026`）。；评奖规则：两种奖（金＝高学业表现；银＝显著进步、成长、投入或智力发展）；对象限 **K–12 毕业年级**；**由校长自行决定人选**；FAQ **未给量化成绩标准**。；可执行异常关系（草案）：①金章写「Achievement」或银章写「Excellence」（环文与正文短语不一致）；②三栏可填字段只填其一；③年份与材料年度不符；④两个签名位缺一。",**证书编号：不存在**（两份证书上均无编号位，材料页与 FAQ 也未提编号）。；**印章：不存在**（无公章／钢印，只有两个签名图形与徽记）。；三个可填字段的字号、字体名与精确坐标未量测（本次只做逐字与相对位置辨认）。；签名图形**不得**反推为具体某人：证书只标职务；本年度总统与部长姓名出现在**致贺信**上，那是另一份材料（两封信本次未取得）。；「No Border」版本未取得——边框有无属版本差异，**不得当作异常**。；材料页写明证书「digital format only」「editable in Acrobat」——本项目只能把它当版式参考，**不得把“可编辑”当防伪特征讨论**。,2026-10-06（仅本地接收）,E07-us；PEAP 金／银证书的字段集合、签署人、年份与评奖规则,发布机构字段含非官方或内部补证/交接标记；核查状态含出处未定标记 本地接收（本地接收；不把包内状态当生成批准）：不按官方来源公开详情,,
SV5-P05-I01,identifier_only,E06,,,,,,,,,,,,,,2026-10-07,HTTP 200 ; HTTP 200,,,codex-20261007-v3,官方文字/图样摘录；具体层级见结构记录,纸本必载字段：学生姓名（**法定姓名**）／学位或项目名称／授予日期（＝effective conferral date）／拉丁荣誉；**研究生层级另有主修（Major 1）与方向（Concentration 1）印在纸本上**。；签署人**四位**：President、Board Secretary、Board Chair、School/College Dean（按签发或补发**当时在任**者）。；校印：University seal，**金箔压印**；载体 card stock 纸；英文；2023-04-01 起本科与研究生均 8.5×11 英寸（Kornberg 牙科 11×14）。；数字件另设验证机制：PDF 版**第 2 页有 verification link**；网页版另有补充信息区——即纸本没有的字段放在数字件上。；可执行的隐蔽异常（落到已核字段）：①**非专业学位的研究生文凭上出现 Latin honors**（官方限定 Professional degrees only）；②**纸本上出现只在网页版补充信息区才有的字段**（Minor／Concentration 2／Secondary major／Departmental honor／Thesis title）；③Award date 与 conferral date 不一致（官方等同二者）；④签署人数量或职务不符（应为四位）。,**证书正文逐字（固定授予文字）仍未取得**：页面只说 displays…，不给证书上的句子。；**校印印文是否重复学校名仍不明确**：页面只写 the seal of the University／embossed in a gold foil，**未说印文内容** → 待核。；字段的字体、字号、坐标与版面分区无依据；无样张；本校做法不得推广到其他美国高校。；旧参照 S052（UCLA 文凭内容要素）仍未并入任何规格。,2026-10-06（仅本地接收）,E06-us；纸本学位证的字段清单、签署人、校印与可执行的隐蔽异常,发布机构字段含非官方或内部补证/交接标记；核查状态含出处未定标记 本地接收（本地接收；不把包内状态当生成批准）：不按官方来源公开详情,,
SV5-P05-I02,identifier_only,E06,,,,,,,,,,,,,,2026-10-07,HTTPError 403 Forbidden,,,codex-20261007-v3,官方文字/图样摘录；具体层级见结构记录,**姓名口径**：证书上的姓名＝完成学位（获准 leave to supplicate）时的姓名；仅行政错误或 Gender Recognition Act 2004 两种情形可追溯更改。；**证书唯一**：不允许持有多份；补发收费（£55／£58 自 10 月 1 日）。→ 可用于「同一人持有多份同版证书」的制度性异常判定。；**dDCL 与纸本证书是两个物件**：**classification（等级）与就读日期出现在 dDCL 上**，本页未说它们出现在纸本证书上 → **dDCL 的 classification 不得移入纸本证书规格**。；发放链条：先有学位授予仪式（可 in absentia），再由学院当日交付或事后邮寄；**未举行仪式则不签发证书**；非学位类（Lifelong Learning 的 certificate／diploma）由系里另行发给 award certificate。；证书请求须由毕业生本人提出，第三方不受理。,**证书正文（拉丁文或英文）逐字仍未取得**；**实际签署人及其数量未取得**（v4 清单该问仍无依据）。；**学位与学科、授予日期的写法未取得；是否有编号项未取得**。；尺寸、材质、印章／校印形态、防伪一律无依据；无样张。；「牛津证书用拉丁文」属常见说法但**本页未写**，不作依据（保持待核）。,2026-10-06（仅本地接收）,E06-uk；牛津学位证书的姓名口径、唯一性、发放链条与 dDCL 边界,发布机构字段含非官方或内部补证/交接标记；核查状态含出处未定标记 本地接收（本地接收；不把包内状态当生成批准）：不按官方来源公开详情,,
SV5-P05-I03,identifier_only,C06,,,,,,,,,,,,,,2026-10-07,HTTP 206,,,codex-20261007-v3,官方文字/图样摘录；具体层级见结构记录,**可主张**：L／M／Q2／X1 与 F 类**共用同一贴纸版式**——依据是国家移民管理局公开的「普通签证样式」页**只有一张贴纸样张**（即 F 类那一张），且官方口径中签证的字段概念对所有普通签证共用。；**不得主张**：已核对过 L／M／Q2／X1 **各自**的实体贴纸；四类的差异在**类别标记与停留期限取值**，不在版式。,L／M／Q2／X1 各自的贴纸字段清单、固定文字与 MRZ 映射**仍无分类别实体件依据**。；四类的类别标记具体印法（单字母／字母＋数字／中文字样）未取得；F 样张的写法不能直接推给其他类别。；「新版生物识别签证」与旧版贴纸的版式差异未取得；F 样张属哪一版未核。,2026-10-06（仅本地接收）,C06-共用版式；贴纸是否按类别分版：官方样张的唯一性核对,发布机构字段含非官方或内部补证/交接标记；核查状态含出处未定标记 本地接收（本地接收；不把包内状态当生成批准）：不按官方来源公开详情,,
SV5-P05-I04,identifier_only,C06,,,,,,,,,,,,,,2026-10-07,HTTP 200,,,codex-20261007-v3,官方文字/图样摘录；具体层级见结构记录,类别语义＝旅游；**停留期限无公开固定天数**（由领事官员个案决定）。；可执行异常（草案）：停留期或入境次数与「旅游」语义明显冲突（如注明须办居留证件）。,贴纸字段、固定文字与 MRZ 映射仍缺（见 C06-共用版式条）。,2026-10-06（仅本地接收）,C06-l；L 字（旅游）的类别语义与停留期口径,发布机构字段含非官方或内部补证/交接标记；核查状态含出处未定标记 本地接收（本地接收；不把包内状态当生成批准）：不按官方来源公开详情,,
SV5-P05-I05,identifier_only,C06,,,,,,,,,,,,,,2026-10-07,HTTP 200,,,codex-20261007-v3,官方文字/图样摘录；具体层级见结构记录,类别语义＝商业贸易活动；支持性材料为境内贸易合作方的商务活动文件／交易会请柬等邀请函。；停留期限同样无固定天数。,贴纸字段、固定文字与 MRZ 映射仍缺。,2026-10-06（仅本地接收）,C06-m；M 字（商业贸易）的类别语义与邀请函要求,发布机构字段含非官方或内部补证/交接标记；核查状态含出处未定标记 本地接收（本地接收；不把包内状态当生成批准）：不按官方来源公开详情,,
SV5-P05-I06,identifier_only,C06,,,,,,,,,,,,,,2026-10-07,HTTP 200,,,codex-20261007-v3,官方文字/图样摘录；具体层级见结构记录,类别语义＝短期探亲，**上限 180 日**（两处官方页一致，一处写「不超过 180 日」、一处写「≤180 日」）。；停留期自**入境次日**起算。；可执行异常（草案）：**Q2 贴纸停留期超过 180 日**；停留期起算日早于入境次日。,贴纸字段、固定文字与 MRZ 映射仍缺。,2026-10-06（仅本地接收）,C06-q2；Q2 字（短期探亲）的 180 日分界与停留期口径,发布机构字段含非官方或内部补证/交接标记；核查状态含出处未定标记 本地接收（本地接收；不把包内状态当生成批准）：不按官方来源公开详情,,
SV5-P05-I07,identifier_only,C06,,,,,,,,,,,,,,2026-10-07,HTTP 200,,,codex-20261007-v3,官方文字/图样摘录；具体层级见结构记录,类别语义＝长期学习，**超过 180 日**；与 Q2 的 180 日构成一对分界（Q2 ≤180／X1 >180）。；**X1 入境后 30 日内须办理居留证件**——可用于 clean 档的自洽性判断（X1 不应写成短期停留）。；可执行异常（草案）：**X1 贴纸标注短期停留**（与「>180 日、须办居留证件」矛盾）。,贴纸字段、固定文字与 MRZ 映射仍缺。；「停留期为 000」的确切含义与写法未取得（本条只作旁证）。,2026-10-06（仅本地接收）,C06-x1；X1 字（长期学习）的 180 日分界与居留手续,发布机构字段含非官方或内部补证/交接标记；核查状态含出处未定标记 本地接收（本地接收；不把包内状态当生成批准）：不按官方来源公开详情,,
SV5-P06-I01,identifier_only,C02,,,,,,,,,,,,,,2026-10-07,HTTP 200 ; HTTP 200,,,codex-20261007-v3,官方文字/图样摘录；具体层级见结构记录,居民户口簿共 28 个登记项，第 1–5 项为**户的属性**：户别／户主姓名／**户号**／住址／**地址变动登记**。；省级规范确认户口簿由「**首页**」与「**常住人口登记卡**」（个人页）构成 → **户号与地址变动登记归首页（户主页）**。；**该分法为推定**：1995 年通知本身未逐项写“哪一页”，须在规格中标为推定而非已核。；固定文字可用 28 个项目名称的官方用字；不得自行改写（通知明定其他单位和个人不得作任何记载或更改）。；可执行异常（草案）：出现 28 项之外的项目名；户号出现在个人页；首页缺「地址变动登记」项。,1995 通知不给图样与物理版式（页序、字号、表格线、纸张、底纹、印章位置）——**样张仍缺**。；「户主页」不是通知用语（通知用「首页」与「常住人口登记卡」）；户口专用章的印文与规格未取得。；GA/T 1221-2015 等标准正文未取得（只有第三方条目页）。,2026-10-06（仅本地接收）,C02-household；户主页载明事项、户号与住址变动栏归属,发布机构字段含非官方或内部补证/交接标记；核查状态含出处未定标记 本地接收（本地接收；不把包内状态当生成批准）：不按官方来源公开详情,,
SV5-P06-I02,identifier_only,C02,,,,,,,,,,,,,,2026-10-07,HTTP 200,,,codex-20261007-v3,官方文字/图样摘录；具体层级见结构记录,个人项段为第 6–25、28 项；另有第 26 项「承办人签章」与第 27 项「登记日期」。；**公民身份证件编号（16）与出生日期（13）都在个人项段内** → 「编号、出生日期与登记日期同页可见」在**项目设置层面成立**。；**登记变更栏归属**：地址变动归首页（第 5 项）；个人事项的变更更正归个人项段末项（第 28 项「登记事项变更和更正记载」）。；可执行异常（草案）：个人页缺承办人签章或登记日期；把「与户主关系」与「户主或与户主关系」两套项目名混用（前者属“常住人口登记表”，后者属“居民户口簿”）。,「同页可见」只是项目设置层面，**是否为同一次翻页可见仍无版式依据**。；个人页的物理版式与固定文字排布仍缺；样张仍缺。,2026-10-06（仅本地接收）,C02-person；个人页字段集合、登记变更栏归属、编号与出生日期同页可见,发布机构字段含非官方或内部补证/交接标记；核查状态含出处未定标记 本地接收（本地接收；不把包内状态当生成批准）：不按官方来源公开详情,,
SV5-P06-I03,identifier_only,E02,,,,,,,,,,,,,,2026-10-07,HTTP 206,,,codex-20261007-v3,官方文字/图样摘录；具体层级见结构记录,**护照号＝9 位数字**，自 1988 年版起各系列一致；依据是 HMPO 官方查验指南（**不是**录入界面的表单规则）。；资料页位置随版本变化：1988＝第 32 页；1998／2006＝第 31 页；2010／2015／2020（C）／2025（D）＝**第 2 页**（C／D 版第 1 页为 Title page，与资料页同属一张聚碳酸酯页的正反面）。；版本坐标：C 版自 2020 年初、D 版自 **2025 年 12 月**起分阶段推行，旧版有效至到期 → 规格 `version` 必须写明取哪一版。；薄片（thin film patch）另有编号＝**3 字母＋4 数字＋1 校验符**，位于持证人照片下方，**与 9 位护照号不是同一号**（易混，可作异常设计点）。；第 3 页为 Official Observations 页；C／D 版要求持证人**湿墨手签**；无加注时该页印「THERE ARE NO OFFICIAL OBSERVATIONS」。；可执行异常（草案）：①把薄片编号当护照号；②护照号非 9 位数字；③持证人未在第 3 页签名（C／D 版）。,**资料页逐字段清单仍未取得**：指南按 Validity／Size／Number of pages／Location／Laminate／Photograph／Numbering／Observations 组织，**不给姓氏／名／国籍／出生日期／签发机关等栏目的名称与排布**。；**MRZ 未取得**（指南未提机读区）。；字段位置、字号、防伪细节（除上文粗粒度事实）无依据；**无官方样张图**。；「9 位数字」不得据此推出校验位算法或号码分段含义。,2026-10-06（仅本地接收）,E02-uk；英国护照号位数、资料页位置与各系列版本坐标,发布机构字段含非官方或内部补证/交接标记；核查状态含出处未定标记 本地接收（本地接收；不把包内状态当生成批准）：不按官方来源公开详情,,
SV5-P06-I04,identifier_only,E04,,,,,,,,,,,,,,2026-10-07,HTTP 200 ; HTTP 200,,,codex-20261007-v3,官方文字/图样摘录；具体层级见结构记录,**age 未延续**：新式第 3 项为 **Date of birth**，**不再有独立的 age 栏**。；**condition 延续**（第 4 项）；**profession 改称**：第 5 项为 **Occupation**。；**母亲字段**：第 7 项为 **Mother/Father/Parent name surname and occupation**——父母/家长合并为一栏、可填母亲。；**编号位存在**：表单右上设 `System no.` 与 `Date / Time` 两框；**格式与位数未给**。；其余：仪式日期与地点（1）、姓名与姓（2）、婚前居住地（6）、仪式条款（8，含教区与「delete as appropriate」）、当事人签名（9）、见证人姓名与签名（10）、授权签署人签名含 name／designation（11）。；可执行异常（草案）：①Condition 与当事人情况矛盾；②缺第 9／10 项签名；③第 11 项只有签名而无 name／designation；④结婚日期晚于表头所载期限。,**成品证书（certified copy of the entry）的字段清单与版式仍未取得**：本次拿到的是**法定表单（日程表）**；两者记载事项应同源，但证书的抬头、是否另印编号／县名／登记区名，均无依据。；各字段字号、字体、位置无依据；**无成品样张**。；威尔士双语版（各式 `(w)`）只见到表号，未下载辨认。；2021-05-04 之前的旧式证书（含 age／rank or profession、只印父亲）只作版本沿革。,2026-10-06（仅本地接收）,E04-uk；2021 后英格兰及威尔士婚姻证书的字段：age／condition／profession 延续、母亲字段与编号,发布机构字段含非官方或内部补证/交接标记；核查状态含出处未定标记 本地接收（本地接收；不把包内状态当生成批准）：不按官方来源公开详情,,
SV5-P06-I05,identifier_only,C19,,,,,,,,,,,,,,2026-10-07,HTTPError 404 ; HTTPError 404 Not Found,,,codex-20261007-v3,官方文字/图样摘录；具体层级见结构记录,,**缺**：①该“旧式”证对应的具体历史版次与地区；②可见面与完整字段；③固定文字。；下一步线索（不作依据）：司法部网站的建设部令第168号全文；省级不动产／房管部门网站转载的《房屋权属证书、登记证明填写说明》；1980 年代《城乡建设环境保护部关于颁发〈房屋所有权证〉式样……的通知》。；**不得**用现行不动产权证书的依据替代旧式房屋所有权证。,2026-10-06（仅本地接收）,C19-house；旧式房屋所有权证的地区／版次、可见面、字段与固定文字,发布机构字段含非官方或内部补证/交接标记；核查状态含出处未定标记 本地接收（本地接收；不把包内状态当生成批准）：不按官方来源公开详情,,
SV5-P06-I06,identifier_only,C08,,,,,,,,,,,,,,2026-10-07,HTTP 200,,,codex-20261007-v3,官方文字/图样摘录；具体层级见结构记录,**学生证没有全国统一式样与字段的部级规定**——部级规定只到学籍与学历电子注册一层。；**不得**用校园卡或学生证副证替代学生证本体（v4 明确要求三实体分开）。,缺该校学生证**本体信息页**的字段与固定文字；可用路径只有①使用者提供**去标识实物样本**；②该校公开的空白／脱敏样张（S001 已确认未见）。；本单元属**结构性样张缺口**。,2026-10-06（仅本地接收）,C08-student；学生证本体信息页字段与固定文字,发布机构字段含非官方或内部补证/交接标记；核查状态含出处未定标记 本地接收（本地接收；不把包内状态当生成批准）：不按官方来源公开详情,,
SV5-P06-I07,identifier_only,C09,,,,,,,,,,,,,,2026-10-07,no_public_url,,,codex-20261007-v3,官方文字/图样摘录；具体层级见结构记录,既有 S140／S145 仍为上海交通大学 2025 年录取通知书的公开材料（规则层：校长签发＋学校公章＋给据邮件）。,缺**完整正文**与姓名／专业／编号／报到日期等实际字段及固定文字；录取通知书属结构性样张缺口（无全国统一式样），只能按学校取公开件。；下一步线索：选定学校当年招生网／官微的公开件。,2026-10-06（仅本地接收）,C09-main；选定学校与年份录取通知书的完整正文与字段,发布机构字段含非官方或内部补证/交接标记；核查状态含出处未定标记 本地接收（本地接收；不把包内状态当生成批准）：不按官方来源公开详情,,
SV5-P06-I08,identifier_only,C11,,,,,,,,,,,,,,2026-10-07,HTTP 206,,,codex-20261007-v3,官方文字/图样摘录；具体层级见结构记录,候选参考对象：「**优秀指导教师／优秀组织者奖状**」，由中国数学会青年工作与大学生数学竞赛委员会颁发——**颁发主体与颁发物名称有官方出处**。,**图样、字段与固定文字本轮均未取得**，本单元仍不能建规格。；v4 明确要求**不得**用数学竞赛获奖证书（C11-award）替代荣誉实体。；下一步线索：中国数学会官网的“优秀指导教师／优秀组织者”评选通知或公示；或改选校内类荣誉件并取某校公开评选办法（只到规则层，仍缺式样）。,2026-10-06（仅本地接收）,C11-honor；独立荣誉证书的参考对象与完整文字,发布机构字段含非官方或内部补证/交接标记；核查状态含出处未定标记 本地接收（本地接收；不把包内状态当生成批准）：不按官方来源公开详情,,
SV5-P07-I01,identifier_only,E04,,,,,,,,,,,,,,2026-10-07,HTTPError 404 Not Found,,,codex-20261007-v3,官方文字/图样摘录；具体层级见结构记录,**版本锁定：VS117Be（01/2015）**——依据是表单页脚自带版本行；本条推翻第三批依据 CDPH VS 140e 申请清单所作的「现行清单无 VS117Be」推断。；字段集合：两当事人各 1A–1D／12A–12D 姓名四段、2／13 出生日期（MM/DD/CCYY）、3／14 出生州国、4／15 既往婚姻次数、5A–5B／16A–16B 前段婚姻结束方式与日期、6–9／17–20 地址城市州国邮编、10A–11B／21A–22B 父／家长与母／家长的完整出生姓名及出生州。；机关填写段（AFFIDAVIT）：25 签发日期／26 有效期止／27 婚姻许可编号／28 签发许可的书记官——**许可编号有栏位依据**。；签名：23＝签名人须与 1A–1D 一致；24＝须与 12A–12D 一致；另需至少一名见证人与一名主婚人（VS 117 说明段）。；许可有效期 90 天，须在签发日当天或之后、到期日当天或之前完婚，逾期作废。；姓名平等法：新名填 29A–30C，不得改名字；不填则用两条单破折号；签发后不得更改（除非笔误）。；可执行异常（草案）：①结婚日期早于签发日或晚于 EXPIRES AFTER；②27 空缺；③新姓名栏只填一条破折号或填了 first name；④23／24 签名人与对应姓名段不一致。,**成品证书联**（登记后交当事人的核证副本）的单独版式未取得——本次是申请／许可／证书合一表的空白件。；**见证人栏的位置与编号未取得**（该表文字层未显示）。；圣马特奥县 2026 年说明的编号段（26A–26C／27A–27C 见证人、28A–28E 主婚人、30A–32C 机关专用）与本表 23–28 段对不上 → **加州至少两个版次，不得混用**；更晚那版表样未取得。；县名是否印在证书上无依据；字体字号坐标防伪无依据。,2026-10-06（仅本地接收）,E04-us；VS117Be 的版本确认与完整字段（订正第三批的版本推断）,发布机构字段含非官方或内部补证/交接标记；核查状态含出处未定标记 本地接收（本地接收；不把包内状态当生成批准）：不按官方来源公开详情,,
SV5-P09-I01,identifier_only,C02,,,,,,,,,,,,,,2026-10-07,no_public_url,,,codex-20261007-v3,公开实物照片（非官方来源）,页别判据：第 1–4 项在首页；第 5 项在独立「住址变动登记」页；第 6–25、28 项在常住人口登记卡。；异常判据：首页缺任一枚户口专用章；户号出现在个人页；出现 1995 通知 28 项之外的项目名。；固定文字：注意事项五条、「住址变动登记」「常住人口登记卡」「登记事项变更和更正记载」等栏名。,物理版式（页序、字号、表格线、纸张、底纹、印章位置）仍缺。；全国是否统一使用独立的「住址变动登记」页未核（辽宁 2008 样张首页无该栏）。；户口专用章印文规格与尺寸未核。,2026-10-06（仅本地接收）,C02-household / C02-person；户号与住址变动栏归属；首页实际载明事项（v4 遗留）,发布机构字段含非官方或内部补证/交接标记；核查状态含出处未定标记 本地接收（本地接收；不把包内状态当生成批准）：不按官方来源公开详情,,
SV5-P09-I02,identifier_only,C03,,,,,,,,,,,,,,2026-10-07,no_public_url,,,codex-20261007-v3,省级/市级政府网站发布的实物照片＋非官方来源实物照片,版本判据：首句法律依据「婚姻法规定」→「民法典规定」；要件表述「必须亲自到婚姻登记机关进行结婚登记」→「应当亲自到婚姻登记机关申请结婚登记」。；clean 档固定文字：声明段全文、持证人页各栏名。；异常判据：声明段出现第三条法律依据；把《民法典》条文原文直接印上（与实物用字不符）。,声明页在整本证中的物理页序未确认。；登记机关印章与钢印的位置、印文未取得。；纸张、字号、色值无依据。,2026-10-06（仅本地接收）,C03；「法律声明」段与内页版面,发布机构字段含非官方或内部补证/交接标记；核查状态含出处未定标记 本地接收（本地接收；不把包内状态当生成批准）：不按官方来源公开详情,,
SV5-P09-I03,identifier_only,C07,,,,,,,,,,,,,,2026-10-07,no_public_url,,,codex-20261007-v3,官方示意图已核（北京市人社局《北京市社会保障卡用户手册（试行）》内嵌标注图）,字段级异常：把社会保障号码填进银行卡卡号位；第三代卡出现卡面条形码。；版本判据：第二代卡有卡面条形码，第三代没有。；服务电话全国统一 96066（北京口径）。,这是示意图不是空白样卡：尺寸、字号、色值、精确坐标一律不能写。；银行卡卡号的格式规则（长度、发卡行标识段）未取得。；部级统一卡面图样未取得；「具有金融功能的第三代社会保障卡技术规范」正文仍不公开。,2026-10-06（仅本地接收）,C07；卡面排布位置与银行卡号格式,发布机构字段含非官方或内部补证/交接标记；核查状态含出处未定标记 本地接收（本地接收；不把包内状态当生成批准）：不按官方来源公开详情,,
SV5-P09-I04,identifier_only,C08,,,,,,,,,,,,,,2026-10-07,no_public_url,,,codex-20261007-v3,高校官方公告配图＋公开实物照片（非官方来源）,交大卡的固定文字：卡面同时出现「上海交通大学」「校园卡」「学生证」三个字头元素。；版本判据：有学号／卡号栏的版本 vs 只有姓名／职别的版本。,交大现行校园卡版式未取得（手上三张均为旧版）。；交大学生证本体（非卡式）未取得；北京大学件只是他校参照，不能替代。；学号与卡号的编码规则仍未取得（只有 10 位与 6 位两个样例长度）。,2026-10-06（仅本地接收）,C08；实体卡印刷版式、学号与卡号规则,发布机构字段含非官方或内部补证/交接标记；核查状态含出处未定标记 本地接收（本地接收；不把包内状态当生成批准）：不按官方来源公开详情,,
SV5-P09-I05,identifier_only,C09,,,,,,,,,,,,,,2026-10-07,no_public_url,,,codex-20261007-v3,政务号发布的实物照片,版式元素可用：校徽＋校名抬头、标题页、金色边框角花、「校长：」落款位。；教育部规则层（第三批已核）：校长签发＋学校公章＋给据邮件——仍为规范依据。,录取正文页的完整正文、编号、校长签名形态、学校公章位置均未取得。；交大本校的录取通知书版面仍缺。,2026-10-06（仅本地接收）,C09；录取通知书版面（原「版面图未公开」）,发布机构字段含非官方或内部补证/交接标记；核查状态含出处未定标记 本地接收（本地接收；不把包内状态当生成批准）：不按官方来源公开详情,,
SV5-P09-I06,identifier_only,C13,,,,,,,,,,,,,,2026-10-07,no_public_url,,,codex-20261007-v3,官方发布（上海市公安局官网）＋公开实物照片（非官方来源）,position 可直接落面别与栏名（官方口径）。；字段名写「有效起始日期」「有效期限」两个，不合并。；clean 档固定文字：副页「记录」栏四句、主副页各栏名。；异常判据：有效期只出现一个字段；副页缺档案编号；副页无 13 位条码。,GA 482 系列标准正文（现行为 GA 482-2026）不公开：字号、色值、表格线、几何坐标未取得。；主页正背面与副页背面的实物照片未取得。；08 版之后的版式变更未核。,2026-10-06（仅本地接收）,C13；纸质件的面别归属与记载项目落位,发布机构字段含非官方或内部补证/交接标记；核查状态含出处未定标记 本地接收（本地接收；不把包内状态当生成批准）：不按官方来源公开详情,,
SV5-P09-I07,identifier_only,C14,,,,,,,,,,,,,,2026-10-07,no_public_url,,,codex-20261007-v3,第三方转载的行业标准正文（原件未核）＋公开实物照片（非官方来源）,页别标题即官方用字：注册登记摘要信息栏／转移登记摘要信息栏／注册登记机动车信息栏／登记栏／重要提示。；异常判据（基于实物与标准互证）：第 2 页缺 33 或 34 号格；字段编号不连续；各页缺「第×页」或「机动车登记证书编号：」。；版本判据：旧版写「过户、转人登记摘要信息栏」，2005 版起写「转移登记摘要信息栏」。,GA 369-2005 标准原件未核（正文来自第三方标准站，且该站自注「仅展示部分截取内容」）；附录 B 的五张内页格式图只有图题。；现行性未核：2005 版之后是否有新版。；第 1 页完整画面、第 3–9 页、第 10 页均无实物。,2026-10-06（仅本地接收）,C14；页序与字段标签,发布机构字段含非官方或内部补证/交接标记；核查状态含出处未定标记 本地接收（本地接收；不把包内状态当生成批准）：不按官方来源公开详情,,
SV5-P09-I08,identifier_only,C19,,,,,,,,,,,,,,2026-10-07,no_public_url,,,codex-20261007-v3,官方文件正文（第三方法规库转载，原件未核）＋政府网站配图,可执行异常（官方填写说明原文）：房屋状况没填满 5 行时，应在已书写末行的下一栏加盖长方形「产权登记专用章」——缺章即可判异常。；可执行异常：房地产平面图粘贴处应加盖骑缝章。；版本判据：旧证有「丘号」「产别」「房屋性质」「规划用途」；不动产权证书代之以「不动产单元号」「权利类型」「权利性质」「用途」，两者不得混用。；clean 档固定文字：各栏名与「产权登记专用章」。,官方原件未核（第三方法规库转载）；产别「八类只列六类」无法判断是原件笔误还是转载脱字。；1997 年说明之后的改版文件未取得（实物上已出现 1997 说明没有的「房屋性质」「规划用途」「套内建筑面积」）。；旧证的页序、页面尺寸、字号、底色未取得。,2026-10-06（仅本地接收）,C19-house；旧式《房屋所有权证》内页字段,发布机构字段含非官方或内部补证/交接标记；核查状态含出处未定标记 本地接收（本地接收；不把包内状态当生成批准）：不按官方来源公开详情,,
SV5-P09-I09,identifier_only,E01,,,,,,,,,,,,,,2026-10-07,no_public_url,,,codex-20261007-v3,DMV 官方发布图（驾照，参照）＋媒体转载的 DMV 身份证明卡样卡,版本判据：字母缩写标签 vs 数字元素号标签——这是最容易做成异常的字段。；字段级异常：旧版式卡上出现数字元素号；抬头与证件种类不符。；样卡专用字样：竖排「SAMPLE」不出现在真卡上。,新版（2025 设计）身份证明卡的官方图未取得（DMV 发布页图面是驾照）。；REAL ID 版与非 REAL ID 版在 ID 卡上的差异仍未取到对照图。；媒体转载的样卡不是 DMV 官网直链，级别只能写「样卡（媒体转载）」。,2026-10-06（仅本地接收）,E01；两版在卡面的标注差异,发布机构字段含非官方或内部补证/交接标记；核查状态含出处未定标记 本地接收（本地接收；不把包内状态当生成批准）：不按官方来源公开详情,,
SV5-P09-I10,identifier_only,E06,,,,,,,,,,,,,,2026-10-07,no_public_url,,,codex-20261007-v3,公开实物照片（非官方来源）,clean 档固定文字：正文 15 行、四个职务名。；校印结论由「全缺」改为「外环已核、内环待核」。；字段级异常：签署位不足四个（与第四批结论一致）。,校印内环两行细字未辨认。；样本为 1992 年颁发件，现行版式是否一致未核。；来源为个人网站实物照片，级别最高只能写「公开实物已观察」。,2026-10-06（仅本地接收）,E06-us；文凭正文逐字与校印印文,发布机构字段含非官方或内部补证/交接标记；核查状态含出处未定标记 本地接收（本地接收；不把包内状态当生成批准）：不按官方来源公开详情,,
SV5-P09-I11,identifier_only,E06,,,,,,,,,,,,,,2026-10-07,no_public_url,,,codex-20261007-v3,公开实物照片（非官方来源）,签署位只有一个：Registrar（与 E07-us 的两个签名位形成对照）。；正文骨架与括注形式可作 clean 档结构。；字段级异常：签署栏职务写成 Vice-Chancellor／Chancellor 等。,只见「by Incorporation」一种形式，regular 学位证书与硕博证书的正文是否同构未取得。；校徽环文未逐字辨认。；牛津校友会官网图 HTTP 403，未取回。,2026-10-06（仅本地接收）,E06-uk；牛津证书签署人,发布机构字段含非官方或内部补证/交接标记；核查状态含出处未定标记 本地接收（本地接收；不把包内状态当生成批准）：不按官方来源公开详情,,
SV5-P09-I12,identifier_only,E07,,,,,,,,,,,,,,2026-10-07,no_public_url,,,codex-20261007-v3,学校官网发布的实物照片（非官方来源）,"clean 档固定文字：UKMT／United Kingdom Mathematics Trust／is awarded a／奖项等级名／赞助说明／Chair, UK Mathematics Trust。；异常判据：证书上出现分数或名次数字；奖项等级缺位；署名多于或少于一人。",本件是 2020 年 Online JMC 证书，与线下 JMC 证书是否完全同构未核。；只有银奖一件实物；金奖与铜奖的配色差异未取实物判读。；UKMT 官网仍被机器人检测拦截，官方样张未取得。,2026-10-06（仅本地接收）,E07-uk；证书上印不印分数（唯一遗留问题）,发布机构字段含非官方或内部补证/交接标记；核查状态含出处未定标记 本地接收（本地接收；不把包内状态当生成批准）：不按官方来源公开详情,,
SV5-P10-I01,identifier_only,C08,,,,,,,,,,,,,,2026-10-07,no_public_url,,,codex-20261007-v3,使用者提供的去标识实物样本,字段级判据：智能卡正面缺姓名／类别／学号／卡号任一栏；智能卡抬头写成「校园卡」。；异常判据：智能卡背面出现号码或人像（纪念版背面本无人像无号码）。；clean 档固定文字：「学生证」「学生证（副证）」「上海交通大学注册证」「本证有效期至 ____ 年 __ 月」、副证底部说明小字、优惠卡页两行提示、「饮水思源／爱国荣校」。；印章判据：副证应见「上海交通大学教务处 学籍管理专用章」；注册证上应见「上海交通大学本科注册专用章」。；格式判据：学号 12 位、卡号 6 位；日期 YYYY-MM-DD。,学号与卡号的编码规则仍未取得（只有位数与两个样例）。；非纪念版的智能卡背面版式未取得。；校园卡（非学生证用途）本身未见到；火车票优惠卡实体卡未见到。；卡面几何参数（尺寸、字号、色值、坐标）无比例尺不推断。；使用者自摄件达不到「官方样卡已核」，只能写「使用者提供的去标识实物样本」。,2026-10-06（仅本地接收）,C08；交大校园卡与学生证的实体版式、学号与卡号位数,发布机构字段含非官方或内部补证/交接标记；核查状态含出处未定标记 本地接收（本地接收；不把包内状态当生成批准）：不按官方来源公开详情,,
SV5-P10-I02,identifier_only,E01,,,,,,,,,,,,,,2026-10-07,no_public_url,,,codex-20261007-v3,行业博客对比图（非官方来源）,版本判据：右上角是熊旗徽标还是 FEDERAL LIMITS APPLY 字样。；字段级异常：卡面同时出现熊旗徽标与 FEDERAL LIMITS APPLY；右上角两者皆无。,对比图是**驾照**不是身份证明卡，外推到身份证明卡属合理外推但未直接验证。；2025 新设计的身份证明卡官方图仍未取得（DMV 发布页图面是驾照）。；CLASS／END／RSTR 是否出现在身份证明卡上待核（第二轮据身份证明卡样卡未见这三组）。；对比图来自行业博客，非 DMV 官方发布。,2026-10-06（仅本地接收）,E01；REAL ID 版与非合规版的卡面标注差异（第二轮遗留）,发布机构字段含非官方或内部补证/交接标记；核查状态含出处未定标记 本地接收（本地接收；不把包内状态当生成批准）：不按官方来源公开详情,,
SV5-P10-I03,identifier_only,C09,,,,,,,,,,,,,,2026-10-07,no_public_url,,,codex-20261007-v3,公开实物照片（非官方来源）＋校方官网发布图＋媒体发布图,position 可直接落：条形码在右上、学校红章在右下、资格声明框在左下、校长签名在中下偏左、落款年月在红章下方。；编号判据：10 位、前 4 位＝年份；编号缺失或位数不符；条形码不在右上角。；字体判据：校训在通知书上用**繁体**、在学生证皮套上用**简体**——两者互串即异常。；clean 档固定文字：校训「飲水思源　愛國榮校」、「录取通知书」、「校　　长：」、「本校是教育部批准的具有高等学历教育招生资格的普通高等学校」、中文数字年月格式。；版本判据：正文是否含「请于○年○月○日凭本通知书来校报到」与页脚「报到地点：」；欢迎句是「千里之行…」还是「未至之境…」。,两件都是公开实物照片（非官方来源），不是校方样张。；都是**本科**录取通知书；研究生录取通知书是否同构未核。；2025／2026 年版是否沿用 2024 版式未核。；物理尺寸、字号、色值、栏位坐标无比例尺不推断；回纹花边图案未逐纹辨认。；红章外环是否另有文字未辨认。；两件来源不同、拍摄裁切不同，2017／2024 的差异不能排除裁切因素，故标为观察性。,2026-10-06（仅本地接收）,C09；录取通知书正文页（原「版面图未公开」）,发布机构字段含非官方或内部补证/交接标记；核查状态含出处未定标记 本地接收（本地接收；不把包内状态当生成批准）：不按官方来源公开详情,,
SV5-P11-I01,identifier_only,C14,,,,,,,,,,,,,,2026-10-07,no_public_url,,,codex-20261007-v3,标准本体扫描件（使用者提供；发布渠道未核）,position 可落：第 1 页两栏＋7 组转移登记；第 2 页字段 5–34（33 跨行大格、34 在其正下方）；第 3–9 页登记栏 15 行。；字段级异常：第 1 页缺 1–4 任一栏；转移登记组不等于 7 组；第 2 页序号不连续；缺页眉条码或缺「第 N 页」。；「机动车所有人/身份证明名称/号码」是**合并栏名**，不得拆成三栏。；clean 档固定文字：各页栏名、「机动车登记证书编号：」「第 N 页」「编号：」。,扫描件的发布渠道未核（使用者从公开检索取得）。；**现行性待核**：全国标准信息公共服务平台记录页标题栏写「强制性 现行」，同时「标准状态」栏列出一条「废止」（无日期），两处不一致。；图 B.4（双数页格式）与图 B.5（第 10 页）本轮未逐栏判读；图版已随扫描件入包（PDF 第 12、13 页）。,2026-10-06（仅本地接收）,C14；GA 369—2005 标准原件与附录 A／B 图版（原「标准原件未核」）,发布机构字段含非官方或内部补证/交接标记；核查状态含出处未定标记 本地接收（本地接收；不把包内状态当生成批准）：不按官方来源公开详情,,
SV5-P11-I02,identifier_only,C03,,,,,,,,,,,,,,2026-10-07,no_public_url,,,codex-20261007-v3,民政部网站发布的《婚姻证书式样说明》＋北京政务服务局发布的电子结婚证＋公开实物照片,页序判据：封二民政部监制、内页一声明段、内页三微缩文字、封三证件号码。；clean 档固定文字：「中华人民共和国民政部监制」「JIEHUNZHENG」、页脚 MZHBJZH、封皮夹层「中华人民共和国婚姻证书」与「MPRCHINA」。；字段级新增：「登记机关」「婚姻登记员」。；编号判据：字号 `J`＋行政区划＋四位数年号＋顺序号，**末段位数可变**。,《婚姻证书式样说明》是**婚姻法时代**文件，不是现行版；「内页一＝声明段」在现行证上未直接验证。；声明段两版文本的来源与差异原因（版本差异 or 电子／纸质载体差异）**待核**，本包两段原文并列，不代为取舍。；纸质实物的印章、钢印位置仍未取得。,2026-10-06（仅本地接收）,C03；声明页物理页序、整本页序框架与声明文本版本（原「页序未确认」）,发布机构字段含非官方或内部补证/交接标记；核查状态含出处未定标记 本地接收（本地接收；不把包内状态当生成批准）：不按官方来源公开详情,,
SV5-P11-I03,identifier_only,E06,,,,,,,,,,,,,,2026-10-07,no_public_url,,,codex-20261007-v3,第三方矢量图线索；环文不作已核,校印判据：外环上下弧、内环上下弧四处文字任一错字或缺项即异常；中心应为柱式建筑＋交叉枝条。；建校日 1888-05-12 与校训 PERSEVERANTIA VINCIT 可作固定文字。,矢量图为第三方作品，环文**未经官方件逐字复核**。；印章直径、线宽、字号、金箔色值未取得；无比例尺不推断。；牛津侧另见 E06-uk 一条（校徽本体官方口径已核；证书图上的逐字辨认仍未做）。,2026-10-06（仅本地接收）,E06-us；天普大学校印内环细字（原「仍未辨认」）,发布机构字段含非官方或内部补证/交接标记；核查状态含出处未定标记 本地接收（本地接收；不把包内状态当生成批准）：不按官方来源公开详情,,
SV5-P11-I04,identifier_only,E06,,,,,,,,,,,,,,2026-10-07,no_public_url,,,codex-20261007-v3,牛津大学官方发布（档案馆指南／官网品牌页／官方问答）,"可写进规格：校训拉丁文 Dominus Illuminatio Mea（官方用字）、含义与《诗篇》27 出处、1993 年设备与注册商标的表述。；**不可写进规格**：「环文＝UNIVERSITY OF OXFORD」「Universitas Oxoniensis」「DOMI MINA NUS TIO ILLU MEA」。；异常判据：把旧版 legend（Veritas Liberabit, Bonitas Regnabit／Sapientiae et Felicitatis）印到现行证书上；校训拼写错误。",三份官方源讲的都是**大学 arms／device**，**没有一份讲学位证书**；证书上的校徽是否带环带、环带内是否有文字，仍未逐字辨认（手上照片分辨率不足）。；官方亦**未说明环带上是否刻字**，只写「arms within an encircling belt」。；「环文」这一条在**证书层面**仍是缺额。,2026-10-06（仅本地接收）,E06-uk；牛津校徽「环文」与校训（使用者转述的核验）,发布机构字段含非官方或内部补证/交接标记；核查状态含出处未定标记 本地接收（本地接收；不把包内状态当生成批准）：不按官方来源公开详情,,
SV5-P12-I01,identifier_only,C19,,,,,,,,,,,,,,2026-10-07,no_public_url,,,codex-20261007-v3,官方文字/图样摘录；具体层级见结构记录,改版判据：有「契税纪要」→ 1987 版式；有「丘号」「产别」→ 1997 版式；共有情形另发《房屋共有权证》→ 2008 年 7 月 1 日之前；在《房屋所有权证》上注明「共有」→ 2008 年 7 月 1 日之后。；位置判据：房地产平面图／附图在证件最后。；异常判据（官方填写说明原文）：房屋状况栏末行下一栏应加盖长方形产权登记专用章；房地产平面图粘贴处应加盖骑缝章；补发证应注明「补发」字样。；口径提醒：「房地合一」城市的房地产权证书由地方制定、报建设部备案，与本项目锁定的《房屋所有权证》不是同一种，不得混用。,**严格页码映射仍缺**：两版填写说明均未写「第几页正面／反面是什么」，本轮解决的是先后顺序而非页号。；**式样图仍未取得**：1987 通知与 1997 公告本轮取得的文本均只有文字、无附图。；2008 年之后至被不动产权证书取代之间的式样调整文件本轮未查。；1987 通知与 1997 公告来自第三方法规库转载，**原件未核**。,2026-10-06（仅本地接收）,C19-house；旧式《房屋所有权证》的页序与 1997 后改版文件,发布机构字段含非官方或内部补证/交接标记；核查状态含出处未定标记 本地接收（本地接收；不把包内状态当生成批准）：不按官方来源公开详情,,
SV5-P08-T01,identifier_only,C02,,,,,,,,,,,,,,2026-10-07,no_public_url,,,codex-20261007-v3,官方文字答复本地摘录,户主页不是户别/户号首页；按本人常住人口登记卡映射,不证明全国物理页序、完整版式或号码规则,2026-10-06（仅本地接收）,户主页即户主本人常住人口登记卡,发布机构字段含非官方或内部补证/交接标记；核查状态含出处未定标记 本地接收/不升级（本地接收；不升级原始外部核验）：不按官方来源公开详情,,
SV6-A01,identifier_only,,,,,,,,,,,,,,,2026-10-07,no_public_url,,,codex-20261007-v3,,,,,,记录未登记发布机构（实体级/媒体级证据摘要），不按官方来源公开,,1
SV6-A02,identifier_only,,,,,,,,,,,,,,,2026-10-07,no_public_url,,,codex-20261007-v3,,,,,,记录未登记发布机构（实体级/媒体级证据摘要），不按官方来源公开,,2
SV6-A03,identifier_only,,,,,,,,,,,,,,,2026-10-07,no_public_url,,,codex-20261007-v3,,,,,,记录未登记发布机构（实体级/媒体级证据摘要），不按官方来源公开,,2
SV6-A04,identifier_only,,,,,,,,,,,,,,,2026-10-07,no_public_url,,,codex-20261007-v3,,,,,,记录未登记发布机构（实体级/媒体级证据摘要），不按官方来源公开,,2
SV6-A05,identifier_only,,,,,,,,,,,,,,,2026-10-07,no_public_url,,,codex-20261007-v3,,,,,,记录未登记发布机构（实体级/媒体级证据摘要），不按官方来源公开,,1
SV6-A06,identifier_only,,,,,,,,,,,,,,,2026-10-07,no_public_url,,,codex-20261007-v3,,,,,,记录未登记发布机构（实体级/媒体级证据摘要），不按官方来源公开,,1
SV6-A07,identifier_only,,,,,,,,,,,,,,,2026-10-07,no_public_url,,,codex-20261007-v3,,,,,,记录未登记发布机构（实体级/媒体级证据摘要），不按官方来源公开,,1
SV6-A08,identifier_only,,,,,,,,,,,,,,,2026-10-07,no_public_url,,,codex-20261007-v3,,,,,,记录未登记发布机构（实体级/媒体级证据摘要），不按官方来源公开,,1
SV6-A09,identifier_only,,,,,,,,,,,,,,,2026-10-07,no_public_url,,,codex-20261007-v3,,,,,,记录未登记发布机构（实体级/媒体级证据摘要），不按官方来源公开,,1
SV6-A10,identifier_only,,,,,,,,,,,,,,,2026-10-07,no_public_url,,,codex-20261007-v3,,,,,,记录未登记发布机构（实体级/媒体级证据摘要），不按官方来源公开,,2
SV6-A11,identifier_only,,,,,,,,,,,,,,,2026-10-07,no_public_url,,,codex-20261007-v3,,,,,,记录未登记发布机构（实体级/媒体级证据摘要），不按官方来源公开,,2
SV6-A12,identifier_only,,,,,,,,,,,,,,,2026-10-07,no_public_url,,,codex-20261007-v3,,,,,,记录未登记发布机构（实体级/媒体级证据摘要），不按官方来源公开,,1
SV6-A13,identifier_only,,,,,,,,,,,,,,,2026-10-07,no_public_url,,,codex-20261007-v3,,,,,,记录未登记发布机构（实体级/媒体级证据摘要），不按官方来源公开,,2
SV6-A14,identifier_only,,,,,,,,,,,,,,,2026-10-07,no_public_url,,,codex-20261007-v3,,,,,,记录未登记发布机构（实体级/媒体级证据摘要），不按官方来源公开,,2
SV6-A15,identifier_only,,,,,,,,,,,,,,,2026-10-07,no_public_url,,,codex-20261007-v3,,,,,,记录未登记发布机构（实体级/媒体级证据摘要），不按官方来源公开,,2
SV6-A16,identifier_only,,,,,,,,,,,,,,,2026-10-07,no_public_url,,,codex-20261007-v3,,,,,,记录未登记发布机构（实体级/媒体级证据摘要），不按官方来源公开,,1
SV6-A17,identifier_only,,,,,,,,,,,,,,,2026-10-07,no_public_url,,,codex-20261007-v3,,,,,,记录未登记发布机构（实体级/媒体级证据摘要），不按官方来源公开,,1
SV6-A18,identifier_only,,,,,,,,,,,,,,,2026-10-07,no_public_url,,,codex-20261007-v3,,,,,,记录未登记发布机构（实体级/媒体级证据摘要），不按官方来源公开,,1
SV6-A19,identifier_only,,,,,,,,,,,,,,,2026-10-07,no_public_url,,,codex-20261007-v3,,,,,,记录未登记发布机构（实体级/媒体级证据摘要），不按官方来源公开,,1
SV8-E06-UK-OXFORD-LINKEDIN,identifier_only,,,,,,,,,,,,,,,2026-10-07,no_public_url,,,codex-20261007-v3,②公开实物照片（持证人本人公开发布）,2021 授予版学位证书的可见要素与相对位置：校名、校徽、This is to certify that、姓名、学院、was adjudged worthy of Distinction by the Examiners in、学科、日期段、学位名、University Offices/Oxford、盾徽、Registrar 签名与角色、左下小编号（“数字/数字”形态）,官方编号算法与文号含义；字号、纸张、防伪；不能证明所有牛津证书统一使用该版式,2026-10-07,,URL 主机不属发布机构自有官方域（第三方平台/媒体/商业索引站）；其中 1 个第三方主机链接不公开,,
SV8-E04-UK-GRO-INDEPENDENT,identifier_only,,,,,,,,,,,,,,,2026-10-07,no_public_url,,,codex-20261007-v3,②公开实物照片（新闻媒体报道配图）,旧式（1907 栏名）核证副本的十项角色与相对位置：当婚日期、姓名、年龄、Condition、Rank or profession、Residence、父亲姓名与职业、见证人、签名、举行地；以及 GRO 绿字标题、Application Number、Crown copyright 警示行与圆形绿色印章,现行 2021-05-04 后 Space 1–11 表单的版式；字号、纸张、防伪；编号算法,2026-10-07,,URL 主机不属发布机构自有官方域（第三方平台/媒体/商业索引站）；其中 1 个第三方主机链接不公开,,
